:043000006F60102EBF
:103004000030000000000000EE930000F293000086
:1030140000000000F4930000000000000000000025
:10302400F4930000F493000000000000000000008E
:10303400D08F000000000000F493000000000000A6
:10304400F4930000F4930000F493000000000000E7
:103054003C900000F4930000F4930000F49300000B
:10306400B6820000F4930000F4930000F49300008F
:10307400F4930000F4930000F4930000F493000030
:1030840094870000F4930000F4930000E88A0000A1
:10309400F4930000FC8A0000108B0000F4930000FD
:1030A400A49000000A910000F4930000F49300003F
:1030B400F4930000D2A50000F4930000F493000000
:1030C400F4930000F4930000F4930000248B0000B8
:1030D400F4930000F4930000388B0000000000001B
:1030E40000000000000000000000000000000000DC
:0C30F400000000000000000000000000D0
:103100003D432A876373C3029377F700BDEFADE5B4
:10311000937606FF3D8ABA960CC34CC30CC74CC7C6
:103120004107E36BD7FE11E28280B306C3408A06F3
:103130009702000096966780A6002307B700A306B3
:10314000B7002306B700A305B7002305B700A30403
:10315000B7002304B700A303B7002303B700A302FB
:10316000B7002302B700A301B7002301B700A300F3
:10317000B7002300B700828093F5F50F9396850082
:10318000D58D93960501D58D61B79396270097024B
:10319000000096968682E78086FA9680C1171D8F7A
:1031A0003E96E374C3F8A5B7397101436EC619A002
:1031B000397141536AC866CA62CC5ECE19A03971B2
:1031C00001535AD056D252D44ED64AD826DA22DCEF
:1031D00006DE33016140828241114AC026C222C408
:1031E00006C68282B24D4101024D924C224CB24B36
:1031F0004101024B924A224AB2494101024992449A
:103200002244B2404101828083A7412D2A8705488C
:1032100091C33E8883A601306381B606958D13DF86
:1032200015009306803EB387D70283AE812D03A598
:10323000C12F03AEC12C03A3812FFA97B3D7B702D6
:1032400013962E009316250083A8812C7696AA96B5
:10325000860606063A851CC3B3570303B3550E030F
:103260001CC7335606034CC3B3D7060350C733D825
:1032700008031CCB232A07018280014F854555B7DF
:10328000EFF29FF5AA8403C5E12E2E8497D0FF1F8D
:10329000E780007083C6512F2686930520031145D1
:1032A000EF50A04383C6D12E22869305E00311453B
:1032B000EF50A04283C6C12E37D600001306062E5B
:1032C000930500051145EF504041EF40F07B3DB7BD
:1032D000EFF29FF0A944B3559502374400202A89A4
:1032E00029461305C411EF50F0229305E00213059F
:1032F000C411EF50500EB375990229461305C4113D
:10330000EF505021E5BDEFF23FEDEF70900323A0A9
:10331000A13023AC012E23A6012C23AA012C23A427
:10332000012C23AE012E23AC012CC9BD9307803E96
:103330004111B3D7F5020146A948254E11A09A873D
:1033400033F7170314083383C6009306160013F8E7
:10335000F60F428613070703230AE3FE33D317034E
:10336000E36FFEFC630908043306D500AA8619A0A2
:10337000038747FF850693C7F6FFAA97C29793F77F
:10338000F70FA38FE6FE1808BA97E393C6FE9307DC
:10339000803EB3F5F5029307E0021CA293074006B6
:1033A0002301060013052600B3D5F5029385050316
:1033B0000CB2410182802A86D9BFEFF27FDF79719A
:1033C0002A8BAE893289B68A3A8AEF40D06D03C71C
:1033D000E12EC9461306000881450145370C00203F
:1033E000EF50600B130C0C2083470C002008A286C2
:1033F00013972700B56793878730BA979843830759
:10340000070081CB85060507A38FF6FE830707001B
:10341000F5FB9384412F9C2023800600638E0728B0
:10342000938BD12E83C60B00854522860545EF5030
:10343000C02A9307E006FC8483C6C12DA9458147B5
:10344000A54819A0C287B28633F7B60210183E9677
:10345000138517001378F50F13070703230EE6FCF7
:1034600033D6B602E3E0D8FE6301082E930691013D
:103470001306F00F19A00307C7FD8506FD17A38FDC
:10348000E6FE93F7F70F18183E97E396C7FE9307EB
:1034900091013387A70083460C00230007000546EF
:1034A0009387F6FF93F7F70F637DF6208D476390C0
:1034B000F618018F13152700098F83C60B0013150B
:1034C0001700854522861305F507EF500021814737
:1034D000A945254819A0AA87328B3377BB0210185B
:1034E0003E969386170013F5F60F13070703230E76
:1034F000E6FC3356BB02E36068FF630B05242286BB
:103500009305F00F19A00307C7FD0506FD17A30FCC
:10351000E6FE93F7F70F18183E97E396B7FEB3074A
:10352000D40037D700002380070093060007130656
:1035300060061307872F21A03686830617008507AC
:10354000A38FC7FE0507EDFA3E8523800700CE85D1
:10355000F13BB7D700001307C0069306000293871C
:10356000073021A0BA86038717000505A30FD5FEF3
:1035700085076DFB23000500CA854D3B83A7012D00
:10358000D1C337D700009306500413060002130777
:10359000473021A03686830617000505A30FC5FE18
:1035A0000507EDFA2300050001462948254311A02F
:1035B000C68733F707031418B388C60093061600AE
:1035C00093F5F60F2E8613070703238EE8FCB3D876
:1035D0000703E36FF3FC638305183306D500AA865F
:1035E00019A00387C7FD850693C7F6FFAA97AE9774
:1035F00093F7F70FA38FE6FE1818BA97E393C6FE6A
:10360000230006009C208DE383C6C12E2286A94597
:103610000545EF50800CC946130600088145014559
:10362000EF4050444561C9B683C6512FC5B73A86AD
:10363000B7D7000013072005930600029387472F92
:1036400019A0038717000506A30FD6FE8507BA86C3
:103650006DFBA947150A335AFA0223000600814779
:10366000A945A54811A0428AB376BA0218183308B2
:10367000F700138717001375F70FAA8793860603C1
:10368000230ED8FC3358BA02E3EF48FD61C53297E8
:10369000B28519A08386C7FD850593C7F5FFB2974C
:1036A000AA9793F7F70FA38FD5FE1418B697E313D5
:1036B000B7FE23000700F5BB83C6512F938BD12E95
:1036C000A5B3B7D700009306C00413060002938782
:1036D000072F21A03686838617000507A30FC7FE94
:1036E0008507EDFAA947950AB3DAFA022300070025
:1036F0008147A945A54811A0C28AB3F6BA0210189D
:103700003308F600138617001375F60FAA87938601
:103710000603230ED8FC33D8BA02E3EF58FD39C1B3
:103720003A96BA8519A08386C7FD850593C7F5FF2C
:10373000BA97AA9793F7F70FA38FD5FE1418B697E9
:10374000E313B6FE23000600E5B513079101A1B30C
:10375000A287C1BB328723000700A1BB2A862300B2
:1037600006004DB53A8623000600D9B5EFF2DFA674
:10377000138F418083270F00831F050083142500CA
:103780001397D700B98F13D71701B98F93955700A7
:10379000BD8D13F63500914713838183938E418449
:1037A00093030008138EC183454993820184330734
:1037B000C30003070700FD17130816007E9793F751
:1037C000F70F634B0704834885003304CE00B386AC
:1037D0001E019422369763C1E30403070400969800
:1037E0002697635BE90283C60800369763C6E30247
:1037F0009397D500AD8F13D71701B98F1397570043
:10380000B98F1307900233F7E7022320FF0010B5AA
:10381000930787003CA5DDB213763800C9FBC9BF0A
:1038200063480510EFF2DF9893070004AA8463CA87
:10383000A70E1384C12D0348040093FAF40FC28825
:103840006354980E371A0020130A8A2D938B4180F7
:103850009389418413890184130C00087D5B83A73D
:103860000B00937518003306B9009396D700B58FF7
:1038700093D61701B58F93965700B58F3387B9004C
:1038800010229396D7001823BD8E13D51601330648
:10389000CC40A98E3307EC40420613955600418276
:1038A0004207A98E41833D1633F3C602130E17005B
:1038B0001396D600B18E1397180013D616014697AB
:1038C000B18E139656000A075297B18E0508937C65
:1038D000F80F3A850CA72322670134B723050700A8
:1038E0002300940123A0DB00B3F7C70313062301D1
:1038F00032A31EA3A53DE6886688E3C29CF623009A
:1039000054011387816B8147938617001CA393F79B
:10391000F60F0507E3EA57FF05472384E1806FF0C0
:10392000BF8C9304000431B72300540179F9EDB73B
:10393000238E012C05472384E1808280EFF2DF890A
:10394000B74723019387775623A2F180238E012C5A
:10395000C13DEF70001F23A8A12E6FF03F8AEFF248
:10396000BF870547238AE12E238201303744002098
:1039700023A2012E23A4012E1305C411B707002092
:1039800023800720EF60206619E90945453FA38E93
:10399000012CEF70001B23A0A12E6FF03F86B7B55E
:1039A0000000938545451305C411EF50E023F1BF96
:1039B000EFF28FFF85450945EF30506D3565C14504
:1039C00013050526EF40A02541641305F4FFEF40E1
:1039D00000291389D12E2300A900316513058561C3
:1039E000EF40E0272386A12E130504E0EF402027B7
:1039F000A38AA12E0145EF4080269384E12E37143F
:103A0000002088A01305845DEF00B0758820B744BE
:103A10000020B719002097D0FF1FE78060F783468A
:103A2000090037D600001306C63F9305C0031145B1
:103A3000EF40B04AEF4050059305C05D1385C411B7
:103A4000EF60E05A2D6CB7DB0000B7DD0000C54524
:103A50001385495E138A816F37DB000037DD000074
:103A6000B7DC0000130C4C44938B4B3F938D8D3F80
:103A7000EF10F00025C51385C411EF60C056631028
:103A80000516854613064B4BE1451385816FEF10F4
:103A9000403E2A891385C411EF60E05435E5E957AB
:103AA0006308F91C6305090E9305CD4913850C4B7A
:103AB000EFF00FFD1305845DEF00D0722945EF7024
:103AC000C009930500041305845DEF0050707DD19B
:103AD000C5451385495EEF10807A51FD37D9000046
:103AE000B7D500001305C9419385C540EFF04FF9E4
:103AF0001385C411EF60204F55DD9305C94113852F
:103B0000C411EF50600E7DB7B7D500009385854492
:103B10001385C411EF50A007631B0912B7D500002D
:103B2000938545451385C411EF50600683250A002F
:103B300029461385C411EF50E01DB7D500009385C9
:103B4000C5451385C411EF5080042946E14513850E
:103B5000C411EF502019B7D5000093850545138592
:103B6000C411EF50C00283456A0029461385C41171
:103B7000EF50401C930580071385C411EF50A0053A
:103B800083457A0029461385C411EF50601B834793
:103B90006A005D476399E70E83467A006D47639438
:103BA000E60E03476A0F6310F70E03477A0FE947E3
:103BB000631BF70C014597D0FF1FE78060DDEF40E6
:103BC000A06C4145A53B0147814601468145014521
:103BD000EFF0AFFEEFF02FF359336FF0AFE0B7D552
:103BE00000009385C5421385C411EF40507A1389B4
:103BF000495E8347C9001385C4118D8B8A07E297FC
:103C00008C43EF40107BB7D5000093854543138567
:103C1000C411EF40D07783472901E1452946B3D548
:103C2000F5001385C411EF50E013B7D5000093855C
:103C3000C5431385C411EF409075EF10F029DE8560
:103C400011E1EE851385C411EF40107A1DBDB7D583
:103C50000000938585461385C411EF4050732946B3
:103C6000CA851385C411EF50A008E957E31EF9E295
:103C7000B7D5000037D50000938505471305854863
:103C8000EFF00FE005BDB7D5000037D500009385F4
:103C9000054C1305454DEFF0AFDE29BDEFF2CFD057
:103CA0005571EF60106A371B00202A8913058B5D60
:103CB000EF005053938481309C40B307F94063C8B0
:103CC00007409305000413058B5DEF00104F9389A7
:103CD000412F83C709006313056063840762370AB5
:103CE0000020938781801384C12D130A0A203EC6C9
:103CF000EF603065938D012F83A70D00AA8C1020F3
:103D0000B307F54063CF070C938741843ECC371946
:103D100000209387C183A1441309892D3ECE55C24B
:103D2000814A138C8183130D0008938B018491A821
:103D3000F24618273388C600E2463386E600102292
:103D400046966347CD063386EB00030808000397C9
:103D50002700C546429763DDE60410223A96634980
:103D6000CD04B037A82793861A000506B0B71020F7
:103D70007D1523901701BAA3A8A793FAF60F63F253
:103D8000CA0493971A00338757010A074A973027C6
:103D900063020610D6978A07CA9790378398070060
:103DA0003A853308CC0003080800C298E3D208F82B
:103DB000EFF0DF9B102093861A0093FAF60FE3E2F0
:103DC000CAFC83A70D009387870223A0FD00B38759
:103DD000FC4063C80700FD1493F4F40FA9F023A07E
:103DE0009D01854763F0C70CB71C00208547938C65
:103DF0008C2D938D0184138D816BB305FD0083C8D9
:103E00000500138817001378F80F93961800C696CC
:103E10008A06E6969826B6226E97082336954205BE
:103E200041856382072A03C3F5FF931613009A9610
:103E30008A06E6968C26039E2600B386BD0098224D
:103E400072976351E5049385F7FF93F5F50F25A06D
:103E50000343F7FFAE87FD15931613009A968A0663
:103E6000E69603CE8600839E2600B386CD01982277
:103E700076976359E500EA97238067003307BD0012
:103E8000E1F981473307FD0023001701637CC80077
:103E9000C287A5B73A853ECA3AC8EFF03F8DD247F0
:103EA0004247CDBD8808EF005061B2479C23639A1A
:103EB00007341C20ADCBB71C0020814B938C8C2D7C
:103EC00093844184938D0184939A1B0033897A01F2
:103ED0000A096699834789000316490088083387D1
:103EE000F400EE971423B2859823634D0600031661
:103EF0006900EF00505E834789003387F400EE9736
:103F000014239823DE9A8A0A83150900E69A0396F9
:103F10002A00F9998808EF00105C1C20850B93FBA0
:103F2000FB0FE3E3FBFAEF609042AA8AEF40A03771
:103F3000EF60F0412A89096637250020130606B88C
:103F400081451305C54DEFF0AF9B83470A0063859C
:103F5000072209476369F7181385C136EF308026B9
:103F60001C20B5CBB71C0020814D938C8C2D138D5C
:103F7000816B9384816F0D4CB307BD019C23014776
:103F80001385C13693961700BE968A06E696AC3620
:103F900083C886009036898133F88503939718008B
:103FA000C697931516008A07B295BE95039606002C
:103FB00083962600850D799A93FDFD0FC29593F5A2
:103FC000F50F93972500BE958A05A695EF30A020A2
:103FD0001C20E3E3FDFA83450A0001461385C13640
:103FE000F91593B51500EF30A026631C0534938BAB
:103FF000C13603CC4B3483D46B3483DB8B34EF601A
:1040000010351C20AA8C8DCBFD1713F7F70F9316D4
:104010001700B717002036979387872D0A079386D6
:10402000C70036979623B223B107F99A239CD7FE8F
:10403000239DC7FEE318F7FE8808EF001053EF60DA
:1040400010311388812F832708009388C12C938512
:10405000812D83AF08001386C12F9386812C13878F
:10406000412D03AF0500CA97832E060003AE06005C
:1040700003230700B38A574133892F41B38A9A41FA
:10408000AA9A7A9CF694F29B0503669923A085016F
:1040900023A028012320580104C223A07601232055
:1040A0006700EF60102A83C70900AA856394071A86
:1040B00083A701301307703EB307F5406360F7161E
:1040C00069616FF02F9223001D01C2873DB3370A4B
:1040D0000020938781809389412F1384C12D130A77
:1040E0000A203EC631B11C20C1C7B71C0020B56BE9
:1040F000014C938C8C2D93844184938D0184138D7A
:10410000816B938B0B28B3078D019823814713167E
:1041100017003A960A06669628360D471426135855
:1041200025003375E8020C3613971600369713985E
:1041300015000A072E983A98831506003387DD008C
:10414000A6961823942203162600F9992A98137824
:10415000F80F0A085E980325080097D0FF1FE78034
:10416000C0971C2093081C0013FCF80FE36DFCF8AB
:10417000814B8144014C61B51C20638C0762B71CE4
:104180000020814D938C8C2D138D816B9384816FD6
:104190000D4CB307BD019C230147814613961700C0
:1041A0003E960A0666962836834886000C360981B4
:1041B0003378850393971800C697139515008A07DF
:1041C0002E953E958315060003162600850DF99958
:1041D00093FDFD0F42951375F50F931725003E953E
:1041E0000A052695EF00B0591387012D01C51C4320
:1041F00085071CC31C20E3EEFDF8BE84A68B014C92
:10420000FDBB1307E0069306000849468145880870
:10421000EF00702CB2472380070031B38808EFE02D
:10422000BFFEC64B564BE64AF64906595E85CE861A
:104230004A875686DA85EFF04F98B74400201385F9
:10424000C411EF50505A63140510EFF0CF8B696121
:104250006FE05FF91389D12D834709006382071E40
:1042600083A701301307703EB307F540E37AF7E404
:104270002818EFE07FF9B74400201385C411E25AF3
:10428000F25B064C964C264DEF50F0556310053A04
:104290006A87E6866286DE855685EFF00F92930781
:1042A000B00363FB571D03460A0014201387812EB9
:1042B000329714A39387412EB29794A39307E003F8
:1042C00063E2D71C890613F5F60FEFF02FE7230002
:1042D0000900EF60100723A0A12EDDB31309C91256
:1042E00023A02401638C0716374400201305C41152
:1042F00023800900EF50304F631F054AEFF0AF8075
:10430000F9BA1384C12D854513058B5D034A04005A
:10431000EF00A06A6308051413051A001C206386C9
:10432000A700EFF0EFCFEFE01FFE1309490B370AAC
:1043300000209387818023A02401130A0A203EC60F
:1043400045BA9387012D9843050798C34DB183471C
:104350000A001385C41113972700B5679387873028
:10436000BA978C43EF40F004B7D500009385053A27
:104370001385C411EF40B0010C2029461385C411E8
:10438000EF40501BB7D500009385C53A1385C41183
:10439000EF40E07F2946DE851385C411EF4090177A
:1043A000B7D500009385453B1385C411EF40207EAF
:1043B0002946DA851385C411EF40D015B7D5000022
:1043C0009385C53B1385C411EF40607C2946D68593
:1043D0001385C411EF401014B7D500009385853CB8
:1043E0001385C411EF40A07A4E85EFE07FEEB7D57C
:1043F00000009385453D1385C411EF4040794A85FF
:10440000EFE01FEDB7D500009385053E1385C4117D
:10441000EF40E077965529461385C411EF40900F81
:10442000B7D500009385C53E1385C411EF402076B3
:1044300083A5012D29461385C411EF40701331B5B2
:1044400003A7012E9307900FB305E540E3FAB7C623
:10445000EFE07FEB85472300F9009DB1EFF02FD00F
:104460006FF0FF87894513058B5DEF0000556308EA
:1044700005281305FAFF5DB5F54763E85745CD47B5
:1044800063E35745138741301C238D46850793F717
:10449000F70F1CA363FAF63223800900EF30B060F7
:1044A00003C5E12E714497C0FF1FE780604E83C6AD
:1044B000512F37D600001306C63391451145EF4002
:1044C000C0219387C12E942337D600001306C6342B
:1044D000C14511453ECEEF404020356F13078F3068
:1044E0003ACA1387412E3ACC1387812E3AC8B7D7E0
:1044F00000001387D12E1309A105938A812E938B77
:10450000412E130C8F309306300593878731930922
:10451000F1053AC6930C0002294DA54D638A062A7F
:10452000900805068507A30FD6FE83860700F5FAD7
:1045300023000600637726010506A30F96FFE36DAF
:1045400026FF83C70A00814511A09687B3FFA70302
:104550009809B302B7009386150013F5F60FAA85E4
:10456000938F0F03238EF2F5B3D2A703E3EFFDFC85
:1045700063060526B296B28519A0838FC7F5850517
:1045800093C7F5FFB297AA9793F7F70F9809A38FF0
:10459000F5FFBA97E393D5FE2380060063F7360153
:1045A0008506A38F96FFE39D36FF83C70B00014668
:1045B00011A0968733F5A7039809B302C700930F9C
:1045C000160093F5FF0F2E8613050503238EA2F424
:1045D000B3D2A703E3EFFDFC63800520B69F3686C8
:1045E00019A00385C7F505069347F6FFB697AE9762
:1045F00093F7F70F9809A30FA6FEBA97E313F6FFF8
:10460000B247A28590089423114523800F00EF4004
:10461000C00C290493074004110C850B850A63091B
:10462000F40E83270C0083860700CDBD83470A0064
:104630001385C41113972700B56793878730BA97FE
:104640008C43EF4000579305C0021385C411EF401F
:1046500080580C2029461385C411EF40A06D9305A6
:10466000C0021385C411EF4000572946D685138533
:10467000C411EF40206A9305C0021385C411EF40B6
:1046800080552946DE851385C411EF40A068930547
:10469000C0021385C411EF4000542946E2851385FA
:1046A000C411EF4020679305C0021385C411EF4089
:1046B00080526685EFE0DFC19305C0021385C41107
:1046C000EF4060516A85EFE0BFC09305C0021385DB
:1046D000C411EF404050B64529461385C411EF4040
:1046E00060639305C0021385C411EF40C04E83A5DB
:1046F000012D29461385C411EF40806751BE9145B5
:1047000013058B5D5D2C6304051613058A0039B112
:10471000B737340093878762BEC8B7D700009306C7
:10472000D00313073105130600029387073221A037
:104730003686838617000507A30FC7FE8507EDFAA7
:1047400072442300070090081420930500051145CA
:10475000EF30B078142037D6000011451306063626
:104760009305E006EF307077EF3010321385C411F7
:10477000EF50700735E513058B5DAD242945EF60DB
:10478000C03D13058B5D8D2A7DD513058B5D992C5E
:104790002945EF60803C13058B5DB92A7DF585477F
:1047A00041452300FA00EFF06F99EFE0DFB56FF0BD
:1047B0003F918144A1B4B7D500009385C53213055C
:1047C000C411EF4060421DBE09452300FA00F5BC4C
:1047D0002308010490088DB3B68F1DB5B2866DBB5A
:1047E000B7D50000938585371385C411EF40C03FCE
:1047F000C247B7D9000037D40000938A4700B7D723
:104800000000938C8731938509451385C411EF40CF
:104810000038E6851385C411EF40A0399305C439EB
:104820001385C411EF40A036424929461385C411AF
:10483000834509000509EF40E04F9305C43913850E
:10484000C411EF40C034E24B29461385C41183C51F
:104850000B004AC8EF40C04ED24713871B003ACC2A
:1048600091073ECAE3892AF183AC070069BFA145DD
:1048700013058B5D992201C513058AFF45B4930585
:10488000000813058B5D152A370A002001E993877C
:104890008180130A0A203EC66FF08FC5130A0A20D2
:1048A00083470A001387818085078D8B2300FA00D8
:1048B0001309C91285473AC61CA3EFE0DFA423A061
:1048C00024016FF0EFC21420D5BA03460A00142069
:1048D000D5B2EFE27F90371500201305855D1920D2
:1048E0006FE0DF91F9471CA1930710023EA123223C
:1048F0000500232405008280EFE21F8E1305900C33
:10490000EF60001C133415003145EF60601B19E1A6
:10491000136424002945EF60A01A19E1136404010F
:104920005945EF60E01919E1136404022D45EF6069
:10493000201919E1136444005545EF60601819E12E
:10494000136484003545EF60A01719E1136404086F
:104950003945EF60E01619E11364040422856FE025
:10496000FF89EFE27F872A8489451305900CEF6069
:10497000800589453145EF60000589452D45EF608B
:10498000800489455545EF60000489452945EF605D
:10499000800389455945EF60000389453945EF603B
:1049A000800289453545EF6000022285B1372386B4
:1049B000A130A386A1306FE07F84EFE2FF812E84D7
:1049C000253F618D018D133515006FE03F8383C74F
:1049D000D1300145ED8F91E703C5C130E98D333505
:1049E000B0008280EFE24FFF1384C1301820A3860D
:1049F000E130193708A06FE07F800CC150C114C5A9
:104A000058C503C865009308F0075CD10508135822
:104A100018402311050223180501814763C6C80405
:104A200063C4D80483C86500B298635F100383C869
:104A300075003383D80063596002094E63C80602CB
:104A4000930E000863D46E00B388DE4033880803F9
:104A50003EA9232CC50181470908232E0501634F78
:104A600007002300F50285473E858280B307D040CA
:104A7000338E0703C207C183090ED9B71377160017
:104A80006DF3F82193761700E9FEE34C06FCB307BB
:104A9000C70093A71708F1B7EFE20FF42A84EF30AD
:104AA000001785476303F504795689458317440049
:104AB0008316040003176400AE9783152400FD17C6
:104AC000F18EF18F958F0D8FB387E702854613879F
:104AD000070606076318D500139717003E9705834E
:104AE0001307070C3A856FE06FF16156A1457DBF52
:104AF000EFE28FEE262914451307F0079387140081
:104B00003EA9B6944111636B9706834705022A8438
:104B10005441A5CB858613956400B7270020122841
:104B200036959387C7051307E10074003E9597B04B
:104B3000FF1FE780207239C13887504034865C50AF
:104B4000060786063297B29609078DCB13F684FFC7
:104B5000B2970396070063D3C60096A383962700F7
:104B600063D3D400A6A38396470063D3E600DAA3F9
:104B70000397670063C4E4008504E6A341016FE086
:104B8000EFE710415C452E880349660005472686FD
:104B9000B6854285CA8697C0FF1FE78000F45C4057
:104BA0001306000813C7F7FF7D87B38627017D8FA3
:104BB0006347D6025C50F9D313F684FFB29703968D
:104BC00007006353C7009AA30397270063D3E40049
:104BD000A6A303974700E35DD7F8D6A351BF93067A
:104BE0000008C9BFEFE2AFDD5C49184DAA842E8AE8
:104BF000328963FBE7001D8FB2866361C70AB697EF
:104C0000369A3309D940DCC8D84CB306F90063F9A9
:104C1000E7086361D708D4C863070904416B938A26
:104C200084027D1BBE309A28D2853385FA00330476
:104C3000F74042044180B1E36375E90413140901AC
:104C4000B379690141804E86EF600006BA309E2834
:104C5000330939413A9442044180A2B04E9A6386A6
:104C60008700E31109FC6FE0CFD8D685268549354A
:104C700023910402E31809FAFDB7A289E37589FCC0
:104C800075BF2685B5359E283309F9403E9AE31B4A
:104C900009F8D1BF3309F740BA86B5BFBA8685B7E0
:104CA000D4C86FE00FD5EFE22FD3AE8713060020F4
:104CB000AA853E85053F6FE06FD4E177930605082E
:104CC00093C7F7FF7D573EA11EA17AA15AA12105E6
:104CD000E31BD5FE828093C7F5FFFD87AE961308D0
:104CE0000008FD8D6354D8009306000863D9D506EB
:104CF0009347F6FFFD873297130800087D8E6341C6
:104D0000E806635EE604937786FF63DAE7043E9580
:104D100025A8A107BE880313050063D365000EA173
:104D2000031325006354680023110501031845008F
:104D30006353D80056A10318650063541801231368
:104D40001501210563DDE7003E8863D3C700328883
:104D500093887700E3CFE8FABA88A1076DBF828015
:104D600013070008E341E6FADDBFEFE24FC541114A
:104D70002A8493040508014A814989A83080931543
:104D80000601C1856353B7003A863882708430814A
:104D900070851316070141866353F6003E8728008D
:104DA00078867487EFF05FCFAA8A0A85EFF0DFCEAE
:104DB0002A892285EFF05FCE4A9563695505A2479F
:104DC0003EC0B2473EC22104638C84028317440074
:104DD00003170400E359F7FE83166400031624004A
:104DE000E353D6FEE39C09F8122036205A207E2099
:104DF0007080748178827C8321048549E39884FCE7
:104E000063930904528541016FE0AFBE831721000F
:104E10000315010003194100831A6100BE8533099F
:104E2000A940B38AFA404A8633095903D686EF303F
:104E30006043122036205A207E2070807481788250
:104E40007C834A9A49B78317210003150100031494
:104E5000410083146100BE85098C9D8C2286330439
:104E60009402A686EF302041229A528541016FE0DC
:104E70004FB8EFE2EFB3797195C91388F5FF137856
:104E8000F80F1317280042971318270013078501FE
:104E9000930745004297A3810700238107002390D1
:104EA000070023820700D107E397E7FEF9C22E84AB
:104EB000B7150020B68AAA84854668009385455EAA
:104EC000E1296800192645C530004C0068003126EC
:104ED0005DC1A60A49C89305F4FF93F5F50F139B2E
:104EE00025002E9B0A0B938744013E9B0149A9A8EC
:104EF000680041248947631FF504034A0100834B7E
:104F00001100680013041A00058033047403930928
:104F1000240063080A0463860B0463E43A05412411
:104F200013041420CA99935799002580636F3503A1
:104F30001247C2A023834401BA979CC0A383740183
:104F4000D104569963816403CA8568002D2C0946F3
:104F50008A8559FD79546800892C228545616FE066
:104F6000AFA87554CDBF0144FDB76D54EDB77D5466
:104F7000EDB77554DDB768000D2C6954F9BF7C217D
:104F8000D9CFEFE2CFA37171BA872A843687B28670
:104F90002E86AA852800EFF05FA609E501454D6140
:104FA0006FE02FA5EF30203003594400025792578D
:104FB0002609935997006373F900CA879387F71FEF
:104FC000A58363F0F904B3873741137707E093941F
:104FD0000701C1803ACE95C4EF20D0430C40AA8689
:104FE000B75700001307052037150020130881006C
:104FF000938767CA2686CE951305455EEF00F07F3E
:1050000009CD102441DE9257E37AF9F89305940014
:1050100028004ACEEFF01FBD51B7655549B761551D
:105020008280EFE26F9B1C414111CC87DC439305EA
:10503000F1000546829741016FE04F9C085101C97C
:10504000EFE28F991C419C4782976FE02F9B0145AF
:1050500082801C5199CBC84F984BA167198D6373FF
:10506000F50082801385F7FF828001458280EFE2A0
:10507000AF961C512A8489CF23A20700085142060B
:105080004182EF10F0111C50DC4399E36FE00F9761
:1050900085475CC001456FE06F96085115C1EFE28E
:1050A000AF93411105469305F100EF10C02E8547DF
:1050B0006316F500888741016FE04F947D55E5BF89
:1050C0007D558280EFE24F911C51411101448DC307
:1050D0002A8405463E859305F100EF10C02B8547D5
:1050E000631CF500085080870C49FD15EF10A04D9A
:1050F000228541016FE08F907D54DDBF085101C9C9
:10510000EFE28F8D8545EF10805B6FE02F8F8280FF
:10511000EFE28F8C9307803E1CC5B567938747529B
:105120002A84232205001CC1130580022E89B28423
:10513000EF50103408D011CD13068002CA85EF500D
:10514000B0363146A68513050401EF501068230ED2
:1051500004006FE0AF8A9307803E1CC5B567938754
:105160004752232205001CC1232005022308050005
:105170008280085119C5EFE22F86EF10C0216FE041
:10518000EF8701458280085109C9EFE2EF84EF10F3
:1051900080433335A0006FE06F86014582801C514B
:1051A00099C3C84F8280014582801C5191CFEFE2A4
:1051B000AF822A843E85EF10E0040850EF50F02BB8
:1051C000232004026FE08F8382801C5189C78837B7
:1051D0003335A000828001458280085109C9EFD291
:1051E000BFFFEF1080043335A0006FE02F81014531
:1051F0008280EFD2FFFB83475504AA842E84328A33
:10520000BDE789479379F40F6373F400894963ED2F
:105210008904FD5A13894401938BC40319A8CA85D4
:105220005E85EF10C01029E905041374F40F63EDD7
:105230008902A28552862685852D1DC50545EF105C
:10524000301F0546A6854A8523A65181EF10905A46
:1052500079F50146A6854A85EF10D05969F1050414
:105260001374F40FE3F789FC01456FD0FFF71305C2
:10527000C503EF00307971B705456FD0FFF6EFD267
:10528000BFF52E868145B5376FD05FF7EFD25FF25D
:105290001D71356B130B4B552A8AD1050808328CCA
:1052A000B68B02CA5AC8A30C010002DE5ADCA30066
:1052B0000104328493098103EF106007130901018F
:1052C000B14A9305F0022285EF50904D2A87B3072B
:1052D0008740A2850A859306F00293F7F70F29C746
:1052E0000307040093F4F70F630ED70263F3FA0089
:1052F000B1442686EF50704D9C10A6974E852380B2
:1053000007FAEF003070CA8585460A864E85EF1091
:10531000E0672DC94A85EF00F06ECA8726944E8952
:10532000BE8945B7050471BF032509010323490060
:10533000835889000328C900832549010346890150
:105340008326C901032709028327490233048441C4
:1053500023A08B002328AA0023206A0123226A00AD
:1053600023141A0123260A01232ABA00230CCA0097
:10537000232EDA002320EA022322FA025285256135
:105380006FD09FE623220A0023206A01A3040A00AB
:10539000528525616FD05FE5EFD27FE21971AA8453
:1053A000B68928005400328402C2EFF03FEE9247E3
:1053B0003E9483070400C9C335698347110113096B
:1053C000495502DA4AD8A30C010281EB2685EFF099
:1053D0009FD8268509616FD0DFE1CE8622862C001A
:1053E0000818EF10A05A7DD12800EF00B06193F9A2
:1053F000690099476387F908D257AC082685BECE65
:10540000835781032286CACC2310F106F257BED2FD
:105410008647BED49647BED6834781042308F1064B
:10542000B647BEDAC647BEDCD647BEDEEFF05FCE7B
:10543000268509616FD0FFDBB56793874755BECCE2
:10544000B24737D60000AC08BECEBC802685130616
:1054500086542310F106D247BED2E247BED4F247AB
:10546000BED6834701022308F1069257BEDAA2573F
:10547000BEDCB257BEDEEFF0BFC9268509616FD032
:105480005FD7B6450818EF100014BDB7B717002056
:105490009387475E0547B8AB0947D8CB35671307F5
:1054A0004755A3820700238307002385070023961F
:1054B00007002387070023980700238A070223A0F9
:1054C0000704D8DFA38207048280B707024023AE17
:1054D0000700056723A807024117D8C337370140E3
:1054E0009386C701310798C615CDC8C6CCC28D6654
:1054F00093860608B7070240D4CF98DF13879180C0
:10550000D8DF0967CCDB410798DBD84F136717005A
:10551000D8CF985B1367170098DBB73701400D476A
:10552000DAA382809387C131DCC6CCC28D66D9B73D
:105530009386E1309C22B1EF373701405E23898B9F
:10554000F5FF373701401E27898BF5DF37370140DC
:105550001E2793F70708EDFF1E23C207C18313F62A
:10556000F7FB2398F13093170601C1831EA3231282
:10557000070083C7A1808E0793F7870393E747301F
:105580001EA31E2393E707041EA35E271E2785473D
:105590009CA28280373701401E2793F70708EDFF52
:1055A0001E23C207C18393F7F7FBC207C1831EA363
:1055B0002312070083D6013193F7F6FBC207C1839C
:1055C0001EA316A3238701308280210526053707F5
:1055D000024031A01C4393F7070885E71DC11C4317
:1055E0007D1593F70702FDD7B737014023920700D7
:1055F000232E0700856723280702C1175CC30545D2
:105600008280B737014023920700B707024023AEDC
:105610000700056723A807024117D8C30547A38ED3
:10562000E130373701401E2793F70708EDFF5E276B
:1056300001451E278280EFD23FBABD472E842A87BC
:1056400063F5B70083C7D13191CB3A85A28597B076
:10565000FF1FE78040D605456FD05FBAEFF0FFE649
:105660002285EFF09FF66FD07FB9EFD2FFB6130718
:10567000F00FB7370140DAA7373701401E27858B77
:10568000F5DF5E27EFF01FF16FD05FB7EFD2DFB429
:10569000EFF01FEA83A7813103A74131D8CB6FD048
:1056A000FFB5EFD27FB31E25930520202A849D8D60
:1056B000C2050145C181EFF01FF883A7813181C781
:1056C00003A7413198CB83C7E13099C3EFF0FFF9CD
:1056D000230304006FD09FB203C5D13113351500E9
:1056E0008280EFD2DFAD2E8AEF50A04537340140E3
:1056F000AA891309F00F9304F00F231624011E2426
:10570000858BF5DF5E2493F7F70F638B9700EF50DF
:10571000404333053541E36245FF01456FD07FAD1E
:1057200005456FD01FADEFD23FAB7C212A84AE84FC
:1057300032896397070E5C34D5C7B1476392F40C86
:1057400083A7813191C7EFF07FF4B1476392F40AE8
:1057500093E7040493F7F70F373701405EA71E273E
:10576000858BF5DF5E27E146373701406156B35739
:10577000D90093F7F70F5EA71E27858BF5DF5E270D
:10578000E116E396C6FE9307500981C821479307A7
:10579000F00F6394E40093077008373701405EA769
:1057A0001E27858BF5DF5E27B1476381F4068146AE
:1057B000373701401306F00F9305F00F52A71E274D
:1057C000858BF5DF5E27C207C18313F5F70FE2076C
:1057D00028B4E18763D407026382B602850693F694
:1057E000F60FE9BF83A78131B9FFB147E382F4F631
:1057F0009305C0122285EFF0DFEE99BF6FD01FA096
:105800002285152083A781319DFFDDB79307F00F17
:105810005EA7373701401E27858BF5DF5E2741BF26
:10582000EFF03FE809BFEFD23F9B0E29A30605002A
:105830002A8495E97C258DEF0146B1452285EFF05C
:105840009FEE83A7813181C703A7413198CB83C7DE
:10585000E13099C3EFF07FE18307B400054563C0F1
:1058600007046FD0BF990145EFF0FFDC2318040057
:105870001307F00FB7370140DAA7373701401E276B
:10588000858BF5DF5E27B73601409307F00F5EA7E3
:105890009E26858BF5DFDE262307040071BFE147D6
:1058A0005CB001456FD09F95EFD29F902305050016
:1058B00023030500A30205002316050023070500A6
:1058C0002318050050A12A84AE8AEF508027AA84AD
:1058D0004820E94763E8A70239671307879A9317B7
:1058E0002500BA979443094793D756009D8B637759
:1058F000F71A9389813123A0090001478547B3979F
:10590000D70015A09377050C1307000C6384E71AE2
:105910009389813123A009001307000C638FE71ED0
:105920000147B70700801CCB1389413185452320EF
:10593000F900EF50400903A7090083260900B717B3
:105940000240056614CB944F110637170140D18EE3
:1059500094CFD44B138AA18093E61600D4CB83272F
:105960000780B706B0B8B207B183D58F2320F78080
:10597000930700042328F7809D472300FA00EFF0E7
:105980003FBBA946373701401306F00F52A71E2729
:10599000858BF5DFFD165E2793F6F60FE5FA938B00
:1059A000E13083C70B0099C3EFF0DFBEEFF01FCEED
:1059B000054C930C007D31A0EF50A018058D63E5D8
:1059C000AC08014681452285EFF0FFD528B42A8B2B
:1059D000E31485FF1306A01AA1452285EFF0BFD47A
:1059E000118949C523068401014C930C007D31A027
:1059F000EF502015058D63EFAC1093057003014641
:105A00002285EFF05FD26286930590022285EFF047
:105A10009FD128B471FD582489476304F71283A7E6
:105A2000090081C70327090098CB83C70B0099C3DE
:105A3000EFF0BFC3994763E25711230954012300D4
:105A40005A015A856FD04FFAA302840183A7090037
:105A500081C70327090098CB03CB0B0063050B001C
:105A6000EFF0BFC0014B5A856FD00FF89146373722
:105A700001401306F00F52A71E27858BF5DF5E2726
:105A8000FD1693F6F60F93F7F70F3CB4EDF61307F8
:105A9000A00A638CE70689475CB04DBF370700203A
:105AA000130707018A07BA9798439389813123A086
:105AB000E900A9B51307D00CE36CA7E49375F503CF
:105AC0003966139725001306869732971843B966EF
:105AD0009386869A0A0736971843094815831D8BC3
:105AE000E368E8E293172700370700201307070150
:105AF000BA9798439389813123A0E9008A052E96AD
:105B00001C428A07BE969442D5BB89475CA4370CD9
:105B10000040E1BDA1475CB015BF9306D00C014722
:105B2000B7070080E3E1A6E0B96639669386869AF6
:105B30009375F50313068697D1B7D9475CB0014B2F
:105B40001DB701469305A0032285EFF0DFBD39E1C3
:105B50001307F00FB7370140DAA7373701401E2788
:105B6000858BF5DF5E271307000C93F7070C639412
:105B7000E7008D475CA48D46373701401306F00FD0
:105B800052A71E27858BF5DFFD165E2793F6F60FCD
:105B9000E5FA71B599475CB055BDEFD24FE2AA84E2
:105BA000EF40307A37340140AA8A9309F00F130985
:105BB000F00F130AC012231634011E24858BF5DF63
:105BC0005E2493F7F70FBCB463982703EF40707718
:105BD00033055541E371AAFEBD47DCB083A781318F
:105BE00081C703A7413198CB03C5E13001C5EFF070
:105BF000DFA701456FD0EFDF1307E00F0545E38B0B
:105C0000E7FEB547DCB0D9BFEFD26FDBB6849307B0
:105C10000020B2962A8463C4D7027C213289BA89D3
:105C2000A1E358240CC08D476303F700A6052E8618
:105C30002285C545EFF03FAF35CD8D475CB083A7DA
:105C400081312303040081C703A7413198CB83C46A
:105C5000E13081C4EFF07FA1814426856FD06FD9F8
:105C60001C41E390B7FC1E25E36DF6FA63FC2701A7
:105C7000B305F940C205C1810145EFF0DF9B29C59D
:105C800023142401A6854E85EFF0FF9A15CD162426
:105C90003C24A696C206C18216A491C79307F01FA2
:105CA0008544E3FCD7FA7C208544C5DB2285EFF0F0
:105CB0005F9F65B72285EFF05FEE51D185477CA0ED
:105CC0002314040081475DB7E5475CB08DBF99C6DA
:105CD000EFD28FD0EFF05FF36FD04FD205458280C7
:105CE000EFD28FCF3287930600200146EFF0DFF12D
:105CF0006FD0CFD0B7370140CEA7373701401E272E
:105D0000858BF5DF5E27B286373701401306062004
:105D10009C225EA71E27858BF5DF5E278506E3990B
:105D2000C6FE9307F00F5EA7B73601409E26858B0F
:105D3000F5DFDE26373701409307F00FDEA61E277A
:105D4000858BF5DF5E27B73601409307F00F5EA71E
:105D50009E26858BF5DFDE269546054793F7F70FE0
:105D60003CB5FD8B6385D70283A78131454758B188
:105D700081C703A7413198CB03C7E13009CBEFD2EC
:105D8000AFC5EFF09F8E01473A856FD02FC73A8598
:105D90008280EFD26FC441112A84BDC558258D473A
:105DA000B28436896303F700A6052E862285E14575
:105DB000EFF07F9715C191475CB083A7813181C710
:105DC00003A7413198CB03C5E13001C5EFF0FF894E
:105DD000014541016FD08FC226869305E00F2285D1
:105DE000EFF05FF179D96314090283A7813181C78C
:105DF00003A7413198CB83C7E1300545F9DB2AC6BB
:105E0000EFF0BF863245F1B7C9475CB17DB7930566
:105E100080252285EFF0FF8C01E5D5475CB071BF8E
:105E20000146B5452285EFF01F9019ED1307F00FDD
:105E3000B7370140DAA7373701401E27858BF5DFDA
:105E40005E2793F7F70FD5D3D1475CB0BDB7EFD23C
:105E5000AFB883A4813199C0EFF05F831307F00FCF
:105E6000B7370140DAA7373701401E27858BF5DFAA
:105E70004A271374F50F81C483A741319CC883C797
:105E8000E13099C3EFF06FFE130514F03335A00035
:105E90006FD0CFB6EFD24FB458258D472A842E86C7
:105EA0006304F70013969500C9452285EFF0BF877C
:105EB00011E985475CB42307040023180400054555
:105EC0006FD0CFB383A781315D4758B081C703A797
:105ED000413198CB03C5E13065D5EFF00FF90145AD
:105EE0006FD0CFB15C3599C7EFD20FAFEFF0BF9352
:105EF0006FD0CFB005458280EFD20FAEA30605006C
:105F000023180500230705000146B1452A844431C2
:105F1000EFF07F8183A7813181C703A7413198CBFF
:105F200083C7E13099C3EFF04FF444B06FD00FADA9
:105F3000EFD20FA88349D500638A0906B28435C61B
:105F400002292A89AE8B130A0020373C0140130B2B
:105F5000F00F854AA28719EC8347E900B9EB4A851F
:105F6000EFF0BFC3AA892DCD231849019307002064
:105F70001304002063F5F400139404014180A2850A
:105F80005E85EFF04FEBAA8935C163830B00A29BBE
:105F900083570901818C3384874042044180231850
:105FA000890019E023075901D5F485494E856FD042
:105FB000AFA323166C0183578C00858BEDDF8357CD
:105FC000CC0023166C0183578C00858BEDDF835743
:105FD000CC004A8523070900EFF03FBCAA8949F5A8
:105FE0004A85EFF07FF14E856FD00FA0E547A30201
:105FF000F9004A85EFF05FF0FDB7EFD26F9B4111DA
:10600000854C09E6668541016FD00F9EB2892A8AC8
:10601000B6843A843E8BC28BEFF0DFE7AA8C7DD149
:1060200022C626C40144014D373C01401309F00F3C
:106030005285EFF09FB6AA8C2DCD83C7D131930541
:1060400000202685A1EFEFF04FC863050D00DE8527
:106050006A85029B13050020EFF02FD7AA8C39C563
:1060600023162C0183578C00858BEDDF8357CC00E2
:1060700023162C0183578C00858BEDDF0504420429
:106080008357CC004180638D8902937714008A077F
:106090001808BA97268D83A487FF59BFEFF0AFD9B0
:1060A000E3000DFCDE856A85029B5DBFE547A30228
:1060B000FA005285EFF05FE4668541016FD0CF9220
:1060C0008347DA0023180A0023070A00854C89C792
:1060D0005285EFF04FF5AA8C2685DE85029B6685FA
:1060E00041016FD06F908280EFD20F8F83078500C0
:1060F0002A84AE8463CC070091C42685EF00503318
:106100006FD0CF8F1C24BD9B1CA4C5BF48498545BB
:10611000EF00303675D503498401B7170020938707
:10612000C76416093E99630109041834854763E57D
:10613000E7005C4C232EF900185083A70132231D81
:10614000E9003A30231AE90091CB93056901130560
:1061500089018297835789012319F9001C2493F739
:10616000F7071CA4D9F879BF014559BFEFD2CF86F4
:106170002A8448511306C4008545EF00D04E01C95A
:1061800018501C2419C793E707021CA405456FD0BB
:10619000EF86584493E7070818D0F5B7EFD2CF83BE
:1061A0002A89EFF0BFFC0DCD032749020324C90063
:1061B000142B5C4B442379143314D400A2979DC450
:1061C0001384F4FFF9141377F40FBE943E94998C62
:1061D00019A0630A94002285EF0090377D1475F9A9
:1061E00001456FD0AF8183274902942B8327C901D2
:1061F00013070020B316D700BE96232ED9000545FD
:106200006FC0DFFF183505C3EFC21FFD85452A8427
:10621000EFF09FED11C5A304040005456FC01FFEFC
:1062200001456FC0BFFD01458280EFC25FF900519B
:10623000411105C4B2892E89AA8429A032476392EC
:10624000E7023E84C850A2857000EF001034930727
:1062500014006DF541016FC0DFF9014541016FC0C8
:106260005FF9DC50C14603C607026301D604B706D6
:106270000010E1160145E36FD7FC9850902BD44BEA
:1062800079173317C70036972320E900D84BD0235E
:10629000942B79149307F7FFB2973314D4003E94EC
:1062A00023A08900054541016FC0BFF4C166E11616
:1062B000D1B7AE879386B5001307000298A3850770
:1062C000E39EF6FE01471D43130EE002130FD005B7
:1062D000E54FA94205058347F5FFB388E50013089C
:1062E00017009386F7FD1386F7F993F6F60F1376EA
:1062F000F60F8DCB6381C703938E07FE6362E302C3
:106300006360DF0263E4CF0093F7FE0F2380F800A1
:106310001377F80FC1B763055300214729435DBFC9
:1063200001458280882101153335A00082801C350B
:10633000B1E7EFC27FEA83C705024147AE842A84F2
:106340006389E70013070002638CE70201456FC011
:10635000FFEA89471CB5BE312320050296075CCDB4
:10636000854744D01CA42326040023280400232AA4
:106370000400230C040005456FC05FE801458280DE
:106380008D471CB5CC511306C50126850CD0EF00F6
:10639000B02879F565BFEFC23FE11835411132C22F
:1063A0006307071C1C252A8D858B6382071C544DAF
:1063B0001C4912462E849D8E63EFC61A924C638D43
:1063C0000C189306CD00B71B0020894936C4938B67
:1063D000CB64130A0020130C002093F4F71F03254D
:1063E0004D0213D997006307370D834D4500FD1DFE
:1063F000B3FD2D0193FDFD0FF9EC639E0D0CE1E75C
:1064000083270D022326FD00142958491389E7FF2D
:106410003319D900BA9D6E99CDE09307F03F63FE22
:10642000970983479D0063853703582183260D0113
:1064300093D79C401306F7FFA582F18E158FC207F4
:10644000C1831377F70F637EF70A854763EAE70A8C
:10645000B30D9C40C20D93DD0D0183478D0093F772
:10646000070499E3639C4D0783A7C18063882707CE
:1064700003A5C1322287EE862686CA85EFF03F85C6
:106480006307050E6E9483270D013388BC41931C6E
:106490000801EE9793DC0C012328FD00638E0C0AA3
:1064A00003479D0093F4F71F03254D0213D997006E
:1064B000E31D37F35C513E99ADD0B3079A40E68DAA
:1064C000E3DD97F971B78325CD002246EF00F00B8D
:1064D00059CD03254D028327CD003DB781454A851F
:1064E000EF00207949C5338674013307B4010506EE
:1064F0008347F6FF0504A30FF4FEE31AE4FE61B739
:10650000BA8703A7C18063662701B3862701636A40
:10651000D70483ADC13293949700C204CA856E85B7
:10652000C180EFF03F9721C52686A2856E85EFF0EA
:106530003FA015CD6E85EFF0FF9A15C983270D0199
:1065400033889C40931C0801A6972328FD0093DC08
:106550000C012694E3960CF40315410041016FC031
:106560007FC805453EC6EF00A06CB2475DF17D5582
:1065700041016FC03FC7C206C18236C281B5EFC2BA
:10658000BFC51C3505494111637BF9021C4905460D
:106590009305F1009583AA8413F4F700EFF0BFDFB1
:1065A000631F2501984837150020931754007D0775
:1065B00098C81305C5643E9541016FC03FC40145AD
:1065C00041016FC0BFC31C35A1CF584D636AB704EA
:1065D000EFC2FFBE0947AE892A84638EE702A9C9CC
:1065E0005C5114499384F5FF9C2B1387F6FFA50794
:1065F0003357F700B3D4F40063E6E40285C6998C00
:106600001309C40039A04C444850FD14EF00E07752
:1066100009CD4A86EDF82328340105456FC07FBDBA
:10662000014582801C505CC4E1BF01456FC07FBC46
:10663000232605002328050005456FC09FBB1435A0
:1066400005476384E60001458280EFC2FFB8182544
:106650002A8493762700B1CA118B09C74C4D1C4977
:106660006398B70403A5C132EFF06FFE1DED1C2443
:1066700013F707020DE303A781321DEF084893E7E4
:1066800007011CA41377F51F13050020198D42057F
:1066900041816FC0BFB6183411C781452285EFF024
:1066A000BFA41C2493F7F7FD1CA401456FC01FB5C0
:1066B000EFF07FF145F9D5BFA1230145C5BF1C35DA
:1066C00099C7EFC27FB1EFF03FA26FC03FB3014562
:1066D0008280143505476385E60001473A8582804C
:1066E000EFC29FAF182541112A84098B59C7544D19
:1066F000AE8463E4B6080547B1C203290501EFF093
:106700009FEC25CD48509DEC0C50EF00900835C50E
:10671000232004021C24183444CC93E707F81CA45B
:1067200029CF85452285EFF03F9C21C9A68563735B
:106730009900CA852285EFF01FE92A873A85410131
:106740006FC0DFAB4C447000892505C94850C14774
:10675000B245034705026307F702B7070010E117C8
:10676000E3FAF5FAEF00F00209C94C444850370645
:1067700000107D16EF00C07F51FD01473A854101B1
:106780006FC0DFA7C167E117E1BF3717002013070C
:10679000C76493975500BA97B837458B01C71377ED
:1067A000260429EBEFC25FA303A7C1800CADB2841E
:1067B00058C9CE2B2A84C2050CD1BA2FD98D0CD141
:1067C000B837618B15E3DC4F054718B55CCD93F7FF
:1067D000F4001CA4232604002328040013F6040458
:1067E00005451DE26FC09FA1C1476307F700014542
:1067F0006FC0DFA00145828048511306C401292DD6
:106800007DD591471CB4E1B781452285EFF07FEC3F
:106810006FC0DF9EEFC2BF9A4111AA89AE84328554
:106820004C00368BEFF0FFA879C5D850814701495D
:1068300023A2E902D84C23A6040023A80400130ACB
:10684000500E63F7E7029583268513F4F700EFF007
:106850001FD355C11C21C5C76380470DAA852D468E
:106860004800EF4020424DCD9C48D84CE3EDE7FC7A
:1068700093772B0149476390E7086314090C983418
:106880008947630AF7062685EFF05F912DC5371417
:106890000020238C09001304C464924703A701322B
:1068A0001CC0A24723150400231604005CC03C86CC
:1068B00023170400231804001EA41C8723190400B6
:1068C000231A0400231B0400231C0400231D0400BE
:1068D000231E0400231F04003CA451CB9305E400B5
:1068E0001305040102971E287A2405453EA81EAC14
:1068F0007AA83D2E35E5014541016FC09F8F631D8C
:10690000090283A7C180238C890023AAF9001C21D6
:1069100085C705499C4891BFE30509FE0549DDBFD0
:1069200093770B0313070003E387E7FC5A86A285DE
:106930004E85EFF09FE5C9B793772B014947E39C5C
:10694000E7FA03A5490185452D2655D503C48901DC
:10695000B71700209387C76416043E941DFC61BFDF
:1069600083C589015A864E85EFF03FE271B78D6786
:10697000938717821EA88567938707807EA4056783
:106980008D67130707809387178285B71C3599C3D6
:1069900001458280EFC25F84EFF0DFE76FC01F86A2
:1069A000EFC21F811835854741112A8C6318F710F3
:1069B0000349850093772900638207109377490084
:1069C0002E8DB28A14496397071E638F0A0A1359E2
:1069D000490013491900B7190020D68C9389C9645E
:1069E0001379190003254C0293D4960013F4F61F73
:1069F00058218325CC007D17F98C93F7F40FF9EF1C
:106A0000631C0414639E051683270C02DDCF232626
:106A1000FC0013070020E68B63749701930B0020A2
:106A2000142958499384E7FFB394D400C20B930709
:106A3000F01F93DB0B01BA9463EA970F83260C01D6
:106A40008327CC0163F8F60C854526851D243DC5BA
:106A5000B3073401DE85338677016A8705078346ED
:106A6000F7FF8507A38FD7FEE31AF6FE5E9D832707
:106A70000C01B38C7C41C20CB386F50093DC0C0195
:106A80002328DC00E3900CF60327CC0183478C001D
:106A90006371D71493E70708232EDC002304FC005E
:106AA000A18B89CB83479C0091CB85456285EFF014
:106AB000AFE309C5568541016FC00FF38547232217
:106AC000FC00014541016FC02FF26285EFF00FEA33
:106AD00075D58327CC0003254C0225BF1307002062
:106AE000018F42074183BA8B63F3EC00E68B0429E4
:106AF0005849F915B3949500C20BBA9493DB0B0176
:106B000013070020BE946383EB021DFC8327CC0196
:106B1000E3ECF6F20545292A55D183C7413223A675
:106B2000918093E717002382F1321DB783A7C180BC
:106B300063959700FD5723A6F18003A5C132CA864D
:106B40006A86A685EFF0EFA435D9130D0D209305C5
:106B50000020930B002021BF93070020818FC207E4
:106B6000C183BE8B63F3FC00E68B18295C499384D8
:106B7000E5FFB394E400C20B93DB0B01BE94E9B5CF
:106B80007000212421D103254C024147B24783469E
:106B90000502638BE602370700106117E3E9E7E6B9
:106BA0006285EFF0AFDCE30B05F003254C02832791
:106BB000CC0085B54C4DE38AD5E0EFF0DFA0E30FC4
:106BC00005EE83260C0111B541676117E3E1E7E4A7
:106BD000C1BF03A70132E30507ECE3830AEC93E7A7
:106BE00007082304FC006DBDEFC20FDF4111CC8705
:106BF00005469305F100EFF0BFDA41016FC00FE0E9
:106C0000EFC28FDD138481320C4081E505456FC0F2
:106C1000EFDEAA8603A5C132371600201306C6642C
:106C2000EFF02F976DD52320040005456FC00FDDD1
:106C3000EFC28FDA138441321C2081E705456FC013
:106C4000EFDB83A5C180AA8403A5C13237160020DB
:106C5000A6861306C664EFF0CF9309C9E5D0268552
:106C6000EFF01FFA01C523000400C9BF01456FC042
:106C7000EFD8EFC26FD61384C1801C40AE84639AF4
:106C8000A7009387413298230545D98C84A36FC010
:106C9000EFD62A890545EFF0BFF911CD03A5C13222
:106CA000371600201306C664CA85EFF06F8301C54E
:106CB00023202401F9B701456FC04FD4EFC22FD074
:106CC0008346050241472A892E84B289444D83A711
:106CD000C1806383E60413D77500BA946393970465
:106CE0001374F407B71700200A049387C7643E940F
:106CF0002320340193874132982383468901054537
:106D00001367170098A36377D50083278900BE9483
:106D100023A491326FC0EFCD13D78500BA94638D51
:106D2000F40081452685EFF0DFF46DD503470902B5
:106D3000C147E317F7FAA6871374F40F371700203B
:106D400006041307C7643A9423103401BE845DB768
:106D5000EFC28FC82A840545EFF09FED0DC5B71728
:106D600000209387C76413870720238007008507C7
:106D7000E39DE7FE93874132982323A68180136722
:106D8000170098A305456FC06FC75C45850763E38F
:106D9000B708EFC26FC403470502C147AA8432890E
:106DA0002E84484D83A6C1806300F70493D77500F5
:106DB0003E95638BA6008145EFF0BFEB29C903C761
:106DC0000402C1476307F7029375F40737140020E4
:106DD0001304C4648A05A2959C41054592079183DA
:106DE0002320F9006FC08FC193D785003E95E3142F
:106DF000D5FC9375F40F371400201304C464860582
:106E0000A2959E2105452320F9006FC02FBF0145A3
:106E10006FC0CFBE01458280EFC26FBA4111416998
:106E2000B70A00102A842EC6328B8144130A002030
:106E3000C1496119E11A70002285EFF01FF50DC1FB
:106E40001C28834604024A87B317FA00B245BE9451
:106E5000638336015687E3E0E5FE23209B0005456A
:106E600041016FC00FB9EFC2AFB403290600411151
:106E7000328AAA8BAE8A630F09040509814983A768
:106E8000CB004A848144138B170089EB3DA8638AA9
:106E9000560503A7CB003E8463F9E40270005E85CB
:106EA000850463748B0009440949A285EFF0FFED66
:106EB00009CD324793071400B386274169DB03A746
:106EC000CB003E893E84E3EBE4FC81494E854101E1
:106ED0006FC08FB19389F5FF0329050093B919009D
:106EE00079BF8544E3F384FE83A7CB008507E3EEF7
:106EF00087FC370600107D16A2855E85EFF01FDC4B
:106F000069D5637D89027D14E30194FC83A7CB00DE
:106F10008507E3EC87FA894413061400A2855E8591
:106F2000EFF0DFD95DD1630B8900E30094FA83A70A
:106F3000CB007D148507E3F187FE41BF83250A005E
:106F400091CD8547E3F3B7F883A7CB008507E3EE40
:106F5000B7F64A865E85EFF07FD625D923202A0131
:106F60006394090085499DB7050923A02B01B9BF8A
:106F7000854763FDB7005C458146850763E9B70037
:106F8000EFC28FA5EFF09FD36FC04FA78146368524
:106F90008280EFC2CFA289471CC1C167138987FFD6
:106FA000B70700104111AA842E84054AC14A93896B
:106FB00087FFA28570002685EFF03FDDA2850146A0
:106FC00015C5268563748A02DC44850763E0870261
:106FD000EFF0DFCE01CD03C70402CA87324463035A
:106FE0005701CE87E367F4FC054511A00145410137
:106FF0006FC02FA0EFC24F9E23A6B1324111AA84C9
:1070000029CE914763F6C700014541016FC00F9F2C
:107010008145014532C6EFF0DFC57DD53246B71751
:1070200000209387C764690612063E967C2693F774
:10703000F707F9FB5C4E184E41647D14E18F9356BF
:107040000701C207D58F93063006E3FFF6FA7E2AC2
:10705000798C42045D8C19E045BF0144814522854D
:10706000EFF03FC155D1B71700209387C764D827E9
:10707000B037930600202207518FE317D7F8982BDB
:1070800041D7F627D1D2CC37C1D198ACCCA0238838
:10709000040001470545254829A094A83687E385C3
:1070A00006F73316E50093061700E318B6FEF22B39
:1070B000B28611E2D45394C4902BEA273306D60249
:1070C0002295C8CC8C4BA181C205C18193965500F5
:1070D0009386F61F2A96A586B296AEB0D0D0D4C8B5
:1070E000D02BAC3B22064D8E11E29053158C32947E
:1070F0003357E4008566D8C4D11663E7E600B1478C
:107100002380F402054511B7C166D11663E7E60096
:10711000C1472380F4020545CDBDDC5713070002AB
:107120002380E402DCD00545CDB5EFC2EF8ADC2137
:10713000D831AE84904563F3E7088041A29783C6B7
:107140004730939716003387D7000A072297584392
:107150006316C7061309250031A88040A29783C68D
:107160004730939716003387D7000A072297584372
:107170006316C704B6978A073E948307E400583421
:1071800054240316A400831584004A8597A0FF1F8A
:10719000E780A094DC443E8589CB58345424031600
:1071A000A40083158400EFD01FB3DC20D8309044B6
:1071B000850793F7F70FDCA0E3E1E7FA050690C433
:1071C0006FC0CF8323000500230205342313053449
:1071D00023140534828003C86500814763080806CC
:1071E00003D34500854881476312130783C8850090
:1071F000639E08049308F007854763C9C80463C702
:10720000D80432986354000503C875003698635F4C
:107210000003034805009308F003814763E808036F
:10722000930718001CA19317180083A80500C297A4
:107230008A073E952322150112A536A5F42185471C
:1072400054A5F43178A5A307050054B53E85828086
:10725000EFB21FF6834E05002302053423130534D5
:1072600023140534411163890E268589639F052205
:10727000854763FFD7259387EEFF13F7F70F931723
:107280001700BA978A07130F0502130745013E9F9F
:10729000054E930F8500FE870148F43363ED060326
:1072A00083980700CC2303130700C6956355B302E8
:1072B0004C232E9363D1680283982700CC330313A9
:1072C0002700C6956359B3004C3385062E9363D4CB
:1072D000680013F8F60FB107E391E7FCA303070179
:1072E0006365C8010508137EF80F3107E315E7FB56
:1072F000854F2302C53593F8FF0F014E2A9E9387D1
:10730000F8FF370F00012302FE30930205017D1FB5
:1073100063FBD809B307F50183C5373003C3B20057
:1073200003A8020093971500AE978A079107AA97C2
:10733000B83794433378E80193178701620333F732
:10734000E60133630301D98F7E881387FFFF468EE2
:107350006367F30235A883C537303A887D17939762
:107360001500AE978A079107AA97B43783A807003C
:1073700093978601B3F6E801D58F637BF3002A98D3
:107380002302B830B307E500137EF70F69F7014E0B
:10739000850F93F8FF0F2A9E9387F8FF2302FE3094
:1073A000B102E3E9D8F72A8CB284EF00D06FEF0086
:1073B00070062A8903450C0093090920630E051005
:1073C0008148814B377B0000B71A0020054AB3077C
:1073D0001C0103C74730138418001374F40F93176C
:1073E0001700BA978A07E29703C8F70003A347007C
:1073F0006372A40EB3078C0003C7473093171700BE
:10740000BA978A07E297F8376316070DD0439307B8
:10741000430063E1C70C138728001377F70F1307A6
:107420004730629739A81423050793971600B6973B
:107430008A07E297F437639D0601DC4363EAF500AF
:107440003E8605041374F40F93054600E36DA4FC17
:10745000B30C6A406696931C060193DC0C010A8803
:107460009307AB124E87CA8666869A8513854A5E55
:1074700062C023021101C0821AC426C6EFE0FFB722
:1074800011E1E55B83576C3403568C3403450C00E3
:107490008507B29C2313FC3423149C35A288E3682F
:1074A000A4F25E8541016FB03FD41387FEFF93764F
:1074B000F70F139716003697931627001307B50199
:1074C0009307F500369723800700B107E39DE7FE99
:1074D000054E39BD1A86ADBF814B5E8541016FB047
:1074E000BFD083C7413395EF37260020B745002032
:1074F0001306C68581469385C5051305001093D7ED
:10750000460013F7F6008607AE9706079E232E97D0
:107510001A23C2078506D98F1CC21106E391A6FE65
:10752000828009476385E708B746002001119386EA
:10753000C6058A85138506029A228905890693570E
:10754000C70013561740A2073D8A0D83D18F1377CA
:10755000070FD98F239FF5FEE310D5FE37250020B6
:107560001305C5850146130800109377F60018101F
:10757000935646008607BA97860683D507FEBA96C5
:1075800003D706FE9397450093F7F70F93568700AE
:107590001377F70FD58F42079181A2074D8FD98FAF
:1075A0001CC105061105E31206FD05618280374501
:1075B00000201305C50537280020C1681308C885B9
:1075C00013030502FD181E211108090513D7B70082
:1075D00013F6F70193161700935547009587131775
:1075E0001600AA071182CD8EB3F717018A06518FB4
:1075F000D58F4A07D98F232EF8FEE316A3FC82808D
:10760000373701401E27898BF5DF373701401E27AA
:1076100093F70708EDFF1E239396470163C0060406
:107620000547B717014023AAE7C0373701401E2797
:10763000898BF5DF420541814AA7373701401E2774
:10764000898BF5DF373701401E2793F70708EDFFD9
:10765000B7170140054723A8E7C082801E23C20751
:10766000C18393F7F7FBC207C1831EA31623FD77DF
:107670009387F77FF58F1EA31E2393E707041EA3AE
:1076800045B7B73701409A239316470163D40602E2
:107690009A23420741831377F7FB420741839AA35A
:1076A00096237D771307F77F758F9AA39A23136725
:1076B00007049AA3373701401E27898BF5DF42055F
:1076C00041814AA78280EFB29FAFB717014041477F
:1076D00023AAE7801305D002EFF09FF203C74133DE
:1076E0008547014493040002630AF706131514004A
:1076F000935744405D8D05041375F50FEFF07FF847
:10770000E31694FE014493040004228505041374D7
:10771000F40FEFF01FF7E31A94FE01449304000204
:1077200013151400935744405D8D05041375F50F30
:10773000EFF03FF5E31694FE373701401E27898BA3
:10774000F5DF373701401E2793F70708EDFFB7171E
:107750000140414723A8E7806FB0BFA99374F40F9D
:1077600093572440139724003D49FD491305F00326
:10777000D98F6362890213F5F70FEFF09FF00504CC
:107780009374F40F93572440139724001305F003C8
:10779000D98FE37289FEEFF0DFEEE39234FF01440C
:1077A0003D491305F0039374F40F637F8900EFF0F4
:1077B0005FED9307F0036383F40205041305F00300
:1077C0009374F40FE36589FE135524408A04458DB4
:1077D0001375F50FEFF0FFEA0504CDB7014493747C
:1077E000F40F93572440139724003D49FD49130596
:1077F000F003D98F6362890213F5F70FEFF07FE88A
:1078000005049374F40F9357244013972400130531
:10781000F003D98FE37289FEEFF0BFE6E38E34F117
:107820000504C5B7EFB25F9BB7170140414723AAD4
:10783000E7801305A003EFF0BFDC03C441338547A5
:107840000D456307F4001305E4FF13351500150516
:10785000EFF03FE3373701401E27898BF5DF3737DD
:1078600001401E2793F70708EDFFB7170140414776
:1078700023A8E78085476304F4006FB03F9883C76F
:107880002181E5DFEFF03FE46FB05F97EFB23F9308
:10789000371702401C4F05669306C601D58F1CCFD3
:1078A000544BB7170140370800B093E6160054CB8D
:1078B00003A70780B70610FFFD16758FB706B00047
:1078C000558F23A0E78003A70780B708F1FFFD18B5
:1078D000120711833367070123A0E780414723A8DC
:1078E000E780054723A8E7C003A707803703030005
:1078F000938607C0337717013367670023A0E780BB
:1079000003A807C0AE89137808FF1368380023A0C6
:1079100007C123A8C7C083A7018245787D18B3F7A4
:107920001701B3E7670023A0F182DCC283A70182BD
:1079300013060680B3F707010D68B3E7070123A01C
:10794000F182DCC290CA9307C5FFB736014023908D
:10795000060093F7F70F714693064030636AF6000E
:10796000B566938646568607B697962393E64630C5
:10797000B737014096A3239207009223B70602402F
:10798000B10713660604239AC7FEA389A18023A822
:1079900006029CDEB7E700E0238C0740B706000133
:1079A00023A0D710371401400569232824C183A7D9
:1079B0000182B706F1FFFD16F58FB7060300D58FDC
:1079C00023A0F1822322F4C01545EF300019514560
:1079D000232A24C1EF30601813056009232824C12D
:1079E000EF30A017238A3133C147232AF48005459D
:1079F000EFF01FC1373701401E27898BF5DF37377E
:107A000001401E2793F70708EDFF13056009EF30CB
:107A1000C0144545EFF0DFBE373701401E27898B84
:107A2000F5DF373701401E2793F70708EDFF1305F1
:107A3000F00FEF308012138441811305100BEFF02B
:107A40003FBC034904004A85EFF0BFC304302685DC
:107A5000EFF03FC320202285EFF0BFC21305200BBB
:107A6000EFF01FBA4A85EFF0DFC12685EFF07FC146
:107A70002285EFF01FC11305300BEFF07FB84A8568
:107A8000EFF03FC02685EFF0DFBF2285EFF07FBF2C
:107A90004A85EFF01FBF2685EFF0BFBE2285EFF0CD
:107AA0005FBE1305400BEFF0BFB51D45EFF07FBD86
:107AB0001305000CEFF0DFB41305200AEFF07FBCD4
:107AC0000945EFF01FBC13054008EFF09FBB1305FD
:107AD000100CEFF0FFB21305500CEFF09FBA130536
:107AE000200CEFF0FFB12945EFF0BFB90145EFF0F1
:107AF0005FB91305300CEFF0BFB01305A008EFF02D
:107B00005FB81305A002EFF0DFB71305400CEFF0EC
:107B10003FAF1305A008EFF0DFB61305E00EEFF05E
:107B20005FB61305500CEFF0BFAD3945EFF07FB5F0
:107B300013050002EFF0DFAC13056003EFF05FAC5C
:107B400003C5718135641304045DEFF09FB3130521
:107B5000000EEFF0FFAA9304040108200504EFF0E3
:107B60005FB2E31C94FE35641305100E1304045C2D
:107B7000EFF01FA99304040108200504EFF07FB083
:107B8000E31C94FE4D45EFF0BFA7373701401E2799
:107B9000898BF5DF373701401E2793F70708EDFF84
:107BA0002945EF20907B13059002EFF07FA5373732
:107BB00001401E27898BF5DF373701401E2793F7D9
:107BC0000708EDFF13054006EF203079B717014095
:107BD000414723A8E780EFF0FFC4B7470020938711
:107BE000C70535671307275A13860702814619A070
:107BF0001623090796A38907E31CF6FEEFF07F8E94
:107C0000FD57238BF132A38AF1326FB08FDE03C5AB
:107C100041338280372500201305C5C58280EFB22D
:107C2000AFDBB74700201387C7056306E50285C5AC
:107C3000FD1593F5F50F86059387C7053307B50046
:107C40001306050216218907239FD7FE6305E50069
:107C50000905E319C5FEEFF0DF886FB02FDA135E78
:107C60005540B7450020B7080080135FB500137377
:107C7000F501137EFE039385C505014693C8F8FF01
:107C80000145C14E9A211308160089059357B70084
:107C900093565740B307FF4093F6F603B306DE4012
:107CA0007D8BB387F7023307E340B386D60286079E
:107CB0003307E702B697BA978A0763D4170132856C
:107CC000BE881376F80FE31FD6FB8280EFB2CFCDCC
:107CD000372900201309C984835789008356690016
:107CE000035749000111958FC207C183FC8763FFC9
:107CF000E71CA0874204418083556900372D00208E
:107D000022861305CDC59790FF1FE780E0A3835718
:107D10006900856A0D6B3E944204FD77418093872C
:107D2000F77F23138900814C130DCDC5014C138AB5
:107D3000413337340140B7040240938D0AF0930B6E
:107D40000B093EC65E2083460A0033078D01C20739
:107D5000C183F59BC207C1835EA023A8040223A2AE
:107D6000B401E9EE162093870A80FD8E95E2162075
:107D7000C206C18293F6F6FBC206C18216A0162087
:107D8000D58FC207C1831EA01E2093E707041EA043
:107D9000D8DC0581C8D893070B599CD85E2093E79F
:107DA00027005EA09C5893E717009CD88357690072
:107DB0000357890063F3E70C8357890083566900F2
:107DC0000357490093CC1C00958FC207C183FC87E1
:107DD00063FFE7088359E101C20993D9090183557B
:107DE0006900139C9C004E8633058D019790FF1F00
:107DF000E780809583576900BE99C20993D909012C
:107E0000231339019C4093F70720EDDF9C58F99B21
:107E10009CD823A2B4015E20C207C183F59BC20790
:107E2000C1835EA01E24898BF5DF1E2493F707080B
:107E300091DB1E2493F70708EDFB29B716209387E3
:107E40000A80F58F8DC31E20B246C207C18393F707
:107E5000F7FBC207C1831EA01E20F58F1EA01E20A7
:107E600093E707041EA0D8DCC8D8DE873DB7835946
:107E70004900C20993D909019DB7370702401C4345
:107E800093F70720EDDF1C5BB7360140F99B1CDB45
:107E90008567938707F05CC3DE2237370140C2074E
:107EA000C183F59BC207C183DEA21E27898BF5DF44
:107EB000373701401E2793F70708EDFFB71701403A
:107EC000414723A8E78005616FB0CFB10354490053
:107ED0004204418015B5EFB28FAE37240020130461
:107EE000C4841E2476205A204111958FC207C18375
:107EF0007C8763F8E7142487C204C1806E20B72909
:107F0000002026861385C9C59790FF1FE780C08390
:107F10007E202A89BE94C204C18066A07E201A24D5
:107F200063FBE7101E2476205A20958FC207C18379
:107F30007C8763E0E70C4620C204C1806E209389F1
:107F4000C9C52686138509209780FF1FE780C07F5B
:107F500023A8A1327A20BA94C204C18066A0054742
:107F6000A38AE132238B0132373701405E2303C6F7
:107F70004133C207C183F59BC207C1835EA3B70625
:107F80000240856723A80602938507F0CCC216231A
:107F9000938707803DE2FD8E95E21623C206C182DB
:107FA00093F6F6FBC206C18216A31623D58FC2072D
:107FB000C1831EA31E2393E707041EA3B707024035
:107FC00023AE37031359190023AA27038D6793871C
:107FD0002759370702401CDBB7360140DE2293E702
:107FE0002700DEA21C5B93E717001CDB41016FB08A
:107FF0004FA02487C204C18091B7F58F9DC31E2373
:10800000C207C18393F7F7FBC207C1831EA31623E0
:10801000FD779387F77FF58F1EA31E2393E7070451
:108020001EA3B707024023AE370323AA27038D6799
:108030009387270979BF7D57A38AE1329389C9C500
:1080400015B74620C204C18055BDEFB24F97371710
:10805000014085672328F7C083A701823708F1FF15
:108060007D18B3F7070137080300B3E7070123A022
:10807000F1822322F7C083C9018103C91181AA9922
:10808000939A090193DA0A017D1656961305A00208
:108090002E991384F6FF93140601EFF06FD613D5D3
:1080A0008A00EFF00FDE13F5F90FEFF08FDDC180DE
:1080B00013D58400EFF0EFDC13F5F40FEFF06FDC75
:1080C0001305B002131A0901EFF08FD3135A0A01F6
:1080D00013558A00EFF0EFDA52941375F90F42044A
:1080E000EFF02FDA418013558400EFF08FD913752C
:1080F000F40FEFF00FD91305C002EFF06FD0373750
:1081000001401E27898BF5DF373701401E2793F783
:108110000708EDFF6FB0EF8D138761331C23E20773
:10812000E187E3DD07FE3308C5006354050042869E
:1081300001453387D50063D40500BA86814593078E
:10814000000863D407013386A7409307000863D46F
:10815000E700B386B7408147635CC00A635AD00A20
:10816000EFB28F8783C7413305472A966384E70AB6
:1081700009476384E70C0506799A93070008799903
:1081800063CAC70A098E13181600139706019307CE
:1081900000204183054363EC0701B3D7070363DC89
:1081A000F60A93970601C1833308F8023A839318BD
:1081B0000501B72700209387C78493D8080123902F
:1081C00017019318060193D808012391170193987A
:1081D000050193D80801469723926700420723932D
:1081E000170141839AA723A607014147B71701400A
:1081F00023AAE78093F6F60F1376F60F93F5F50FA3
:108200001375E50FEFF07FE485473E856FA01FFFF4
:108210003E8582801D06619A93070008619963D4A8
:10822000C70013060008098E131816003298135859
:108230001800A1BF13060008B1B70D06719A930785
:108240000008719963D4C70013060008098E13183B
:10825000160032981DBF139307011353030133080F
:10826000F802B1B7EFA25FF7EFF01FEB19C1EFF023
:10827000FFA56FA0BFF8EFA23FF6EFF0FFE919C12D
:10828000EFF07FC56FA09FF7EFA21FF593060008E0
:108290001306000881450145EFF01FE819C1EFF012
:1082A000FFA26FA0BFF5138761331C23E207E187AC
:1082B000E3DD07FE8280B7070240945B797122D626
:1082C00026D44AD24ED052CEF99A056794DB930554
:1082D00007F0CCC3138451331420139686016186B2
:1082E00063560604B7360140DE2237370140C20725
:1082F000C183F59BC207C183DEA21E27898BF5DFF0
:10830000373701401E2793F70708EDFFB7170140E5
:10831000C14623A8D780FD57238BF1323254A25493
:1083200012598259724A45617300203013856133B6
:1083300013890133034A05000328090014A1FD56DF
:1083400014A0B738014083D6480003C34133C206A6
:10835000C182F59AC206C1822392D80023A80702DF
:10836000CCC3B726002083D708009386C6C526064F
:1083700013158A016185369613070780631C03086D
:10838000F98FF5C3B7070240D0DF1358180023AAAE
:1083900007038D6793872759370702401CDB373661
:1083A00001405E22B72400209384C48493E7270011
:1083B0005EA21C5B93E717001CDBFE209A24E3FF00
:1083C000E7F49E24F220DA20918FC207C1837C87D4
:1083D00063E5E70883D94400C20993D90901EE2077
:1083E00026054E8636959780FF1FE780E0352320CF
:1083F000A900FE201259BE99C20993D909012393FD
:108400003401230044013254A2548259724A456116
:10841000730020307D8F0DCB83D70800C207C18346
:1084200093F7F7FBC207C1832390F80003D7080036
:10843000FD779387F77FF98F2390F80083D70800A3
:1084400093E707042390F800B7070240D0DF23AA80
:1084500007038D679387270981B78359E100C20914
:1084600093D90901ADBF83D70800C207C18393F731
:10847000F7FBC207C1832390F80083D708005D8F04
:10848000420741832390E80083D7080093E707045D
:108490002390F800C5BDEFA29FD23A8A2A89B289FB
:1084A0003387D50063D40500BA8681459307000859
:1084B00063D4E700B386B740B384D500635ED000D1
:1084C000D2864E864A85138415009780FF1FE78069
:1084D000C04FA285E39684FE6FA0BFD1EFA25FCD0F
:1084E00001169378F60F1308E005AE8CB68B3A8927
:1084F0009307B0096365180193172600B297B56A10
:10850000938A0A5E138C5A002A8BBE9A3E9C1D4A9F
:1085100083C90A00E684014421A0CA94630144038C
:10852000B3D78900858B0504EDDBA6855E87CA86F7
:108530004A865A85EFF03FF6CA94E31344FF850A52
:108540004A9BE3175CFD6FA03FCAEFA27FC603CA38
:108550002500630D0A0403CB350063090B04038C6B
:108560005500038D650083D90500330CFC02BE8CD9
:10857000BA8A814BAA9981440144330DFD02329C91
:10858000369D014989E403C40900A1448509937615
:10859000040819CC8DEA060405091374F40FFD14C0
:1085A000E34249FF850B669DE31D7BFD6FA0DFC3A2
:1085B000B3072A41A68663D39700BE863699958C69
:1085C000E34249FDC5B733852C035687E6866686A8
:1085D000EA856295EFF03FEC7DBFEFA2FFBC2A8AEF
:1085E0002E8D32843689054C11C33A8C83AB81338E
:1085F000D28C638E0B08A94D354B854A9309F00345
:1086000083070400A1CB93F7F70F05046381B70735
:10861000E38867FF03D78B0063C0E70483D6AB0012
:1086200063CCF60283A44B00998F8E07BE94E9D8E1
:1086300003A50B0063045C05E2874A87EA86668629
:10864000A685EFF09FF0DC20B3878703BE9C8307ED
:108650000400D5FB6FA01FB9E3E4E9FA83D7AB00B0
:108660009306E003E3FEF6F89307F00365BF83C7C4
:10867000CB00D28CB38787033E9D59B74A87EA86E1
:108680006686A6859780FF1FE78040246DBF9319FB
:108690001C00E2998609931C3C00D284A94A354B00
:1086A000854B830704000504D5D726856287CA86D3
:1086B0003E86EA8563805703E38567FF63067C0196
:1086C000EFF0DFE1CE94F1BF9780FF1FE78000104D
:1086D000CE94C1BF669DD284E9B7EFA2FFAF054734
:1086E000EFF0BFEF6FA09FB1014582808347050483
:1086F000034515043385A7401375F50382800347AE
:1087000005048347150493F7F70F6388E700834751
:1087100015043E950345250482807D5582800347DC
:1087200005048347150493F7F70F6380E7020347B7
:108730001504834715042A9703472704850793F7F1
:10874000F703A300F5043A8582807D558280EFA26D
:10875000BFA82E85B285EF10A06C6FA03FAAEFA234
:10876000BFA71C414111CC87D843B787000093872E
:10877000E774631AF70085451305F100EF10406AAE
:1087800041016FA0BFA79305F10005460297410183
:108790006FA0DFA6411122C6374401409305505215
:1087A00013050480EF00306809E53244410173008D
:1087B00020309305505213050480EF00D06A130552
:1087C0000480EF009063B74700209387C70703C773
:1087D000070483C6170405071377F703E307D7FCDD
:1087E00083C607042380E704B6972381A704324495
:1087F000410173002030B96793878797D8479C471A
:10880000B9669386869A8A07B6970A07369794437D
:10881000B74700209387C70710431307803E98C7C8
:1088200039671307C7A198C337470140238007045E
:108830001307078023A2070098CBD0D794D7A38033
:1088400007046314D6007D57D8D77D5798DBD8DB53
:108850008280B7370140938707C0638BF500B70765
:108860000040638BF500938707406383F50A01A0FE
:108870008147184D09C701A0184D85476DFFEFA22C
:10888000BF952A840CCD48C813972700930600088B
:10889000B747002054D59387471093060004BA9732
:1088A00014D913074501232E0500232005022312A6
:1088B0000502610598C393044403EF10202D1309AA
:1088C00044089C44A68526850D4691C7829723A41B
:1088D000040023A60400C104E39524FF084CC167EB
:1088E000FD171CD0232004002322040023240400AD
:1088F0002326040023280400232E04008545EF00CE
:10890000B040084C9305C401EF0070386FA01F8F72
:10891000894785B7EFA25F8C232E05022326050425
:10892000232E050423260506232E0506232C0500E9
:10893000EFF03FF2B7E700E0214723A2E71013076B
:10894000000223A2E7101307000423A2E710370751
:10895000080023A2E7103707400023A2E7106FA00A
:10896000FF8919CDEFA25F872A8408418545EF0072
:10897000703B09C51C40DE27858B81E76FA01F88EF
:1089800001A02285EF10402008415C5D89C73C4171
:1089900013054503829708408545EF00303AF9BF3B
:1089A00029C9EFA27F832A8408415E25898B99E734
:1089B0005E25918B81E75E25A18BBDC78945EF00C0
:1089C00070360DC90840894513094004EF0010377F
:1089D00085442285EF10401B1841330527011C45B3
:1089E00099C7938734009207BA979C4B82976FA0E0
:1089F000FF8001A008409145EF00D03211ED084002
:108A0000A145EF0030320DC50840A14513094006CD
:108A1000EF00D0328D4475BF0840914513094005E1
:108A2000EF00D031894475B75E25C18BE9D379B7A2
:108A30000840C145EF00102F09E5814413094003A8
:108A400049BF0840C14513094007EF00302F91444A
:108A500049B7EFA26FF8184DB7370140938707C0A9
:108A6000AA840144630EF700B70700400544630978
:108A7000F7009387074009446304F70041647D14BD
:108A800013858401EF10C016B74700200A049387AE
:108A90004710A29723AA04001384440723A00700C9
:108AA000938444021C44A28522850D46411491C33F
:108AB0008297E31994FE6FA06FF4B7370140938754
:108AC00007C02A87630EF500B70700400545630815
:108AD000F700938707406307F70041657D158280A3
:108AE0000145828009458280B747002003A54710D1
:108AF00001C51105EFF0FFE673002030B7470020F5
:108B000003A5471001C51105EFF09FE97300203060
:108B1000B747002003A5871001C51105EFF07FE4DA
:108B200073002030B747002003A5871001C5110549
:108B3000EFF01FE773002030411122C637440020B8
:108B400013044410084401C91105EFF09FE10844E3
:108B50001105EFF0FFE43244410173002030EFA231
:108B60000FE605C6AE89AA843289014421A0050416
:108B7000630A89009C40338789000C239C43268527
:108B8000829775F522856FA0CFE60144E5BF85C1C8
:108B9000EFA28FE4AA842E852E84EF20E0419C4032
:108BA0002A86A285DC43268582976FA02FE50145A2
:108BB000828085C1EFA24FE2AA842E852E84EF2009
:108BC000A03F9C402A86A285DC43268582976FA021
:108BD000EFE201458280EFA22FE01C4193F5F50FF3
:108BE0009C4382976FA08FE1EFA20FDF1C412A8484
:108BF000C44395C52E852E89EF20003C2A86CA8560
:108C0000228582941C402A89C443B7E500000946A6
:108C1000938505A4228582944A956FA02FDE014991
:108C2000EDB7EFA26FDB79712306010285472E872E
:108C3000AA84B28563E4C700A94529466010A54807
:108C400009A893178801E1877D141CA0636AB70205
:108C50003687B356B702B307D602B307F74093F788
:108C6000F70F1395870161851388070393877703AF
:108C7000E3D9A8FCE207E1877D141CA0E37AB7FCE6
:108C80002285EF2060339C402A86A285DC4326851E
:108C9000829745616FA08FD6EFA20FD42A89AE8448
:108CA00001EA1C4193F5F50F9C4382976FA00FD505
:108CB00029476313E60263D305021C419305D002E2
:108CC0009C4382972A842946B30590404A85EFF059
:108CD0005FF522956FA08FD21376F60FEFF07FF439
:108CE0006FA0CFD1EFA24FCFEFF01FFB6FA00FD13E
:108CF000EFA28FCE2A84EFF03FFA1C40B7E50000C8
:108D0000AA84DC430946938505A42285829726958B
:108D10006FA0CFCEEFA24FCC01EA184193F5F50F2B
:108D20001C4382976FA08FCD1376F60FEFF07FEF85
:108D30006FA0CFCCEFA24FCAEFF0DFFD6FA00FCC3A
:108D4000EFA28FC92A84EFF0FFFC1C40B7E50000BA
:108D5000AA84DC430946938505A42285829726953B
:108D60006FA0CFC9EFA24FC7EFF0DFFA6FA00FC916
:108D7000EFA28FC62A84EFF0FFF91C40B7E5000090
:108D8000AA84DC430946938505A42285829726950B
:108D90006FA0CFC6EFA24FC42A84EF10905A48C4E8
:108DA00001A8EF10105A5C4418441D8D637AE50049
:108DB0001C402285DC4B8297E34505FE6FA00FC463
:108DC0007D556FA0AFC3EFA28FBF05C6AE892A89BC
:108DD000B284014429A088A30504638984004A85DC
:108DE000EFF05FFBB3878900E35705FE22856FA094
:108DF0004FC00144E5BFEFA28FBC014485C6B289D4
:108E00002E8A2A89B684014439A0630D450188A3BE
:108E10000504638984004A85EFF0DFF7B387890092
:108E2000E35505FE22856FA0CFBCEFA2EFBAF92271
:108E30006FA0CFBCEFA24FBA85476300F5021DC5F6
:108E400089476319F50085454145212537150140BE
:108E50006FA0CFBA01456FA06FBA85452145D52BCC
:108E600037150140130505C06FA04FB98545114561
:108E7000CD2337150140130505806FA02FB8EFA251
:108E8000AFB5B5649385C47B2A89EF009041EFF0BC
:108E9000DFC2374400200A05130444102A941C4002
:108EA00089C784439DE06FA06FB59385C47B4A85D5
:108EB000EF00303F2A8913054008EF10304CCA8577
:108EC000AA84EFF03FA51C4084C32685EFF07FB84D
:108ED000930540082685EF10B04C6FA02FB2B7075E
:108EE000002037474843938707001307277498C328
:108EF00037C7B7BC1307D78BD8C399677390078060
:108F0000B707EFBE37E700E0938707083CC701A02B
:108F100003A5013483A5413482808280EFA2CFABC8
:108F2000EFF01FFF6FA08FADEFA26FA94111EFF01F
:108F30003FFEB7F400E09844DC44AA893AC43EC638
:108F40002E84EFF0FFFC9844DC442A893AC288481A
:108F50002E86CC4893071500B3B6A700AE96638B58
:108F6000290312453E861304803E3385A740B3B7DC
:108F7000A700B387F640B307F402B335A402330564
:108F8000A402BE9533042403EF2060102295410112
:108F90006FA02FA6E317C4FC2245B2453E86338757
:108FA000A740B385B640B3B7E7001304803EB3874C
:108FB000F540B307F402B335E4023305E402BE958D
:108FC00033043403EF20A00C229541016FA06FA25F
:108FD0009387013403A8070083A8470013071800EC
:108FE0003335070198C3B3061501D4C3EFF0FFF280
:108FF000B7F700E023A2070073002030B7F700E0C6
:1090000023A2070023A00700814694C70147D8C7C1
:1090100003A781829305803E81463357B702B7E5A7
:1090200000E01306F7FF90CBD4CB3D4798C3FD5724
:109030002386F540856723A0F510828041114EC03C
:10904000B709002022C626C44AC2A14405440549E6
:109050009389C90121A0FD14060495CC228509221B
:109060007DD92285292A93160401C1828147638C08
:10907000260113D71640850793160701C18293F77F
:10908000F70FE31827FF8E07CE97DC43E9D7FD14CF
:1090900082970604E1F43244A24412498249410114
:1090A0007300203041114EC0B709002022C626C4EB
:1090B0004AC2A1441304001005499389C90121A0A3
:1090C000FD14060485CC228561287DD9228545289A
:1090D00093160401C182814713D716408507931662
:1090E0000701C18293F7F70FE31827FF8E07CE978A
:1090F000DC43F9D7FD1482970604F1F43244A2440C
:1091000012498249410173002030411122C626C410
:109110004164A1442285A920FD1401E90604FDF85B
:109120003244A2444101730020302285892801A0E5
:10913000938781819443374700201307472636954C
:10914000636BE50037570020130707806365A700AE
:1091500088C336858280FD563685828082808280F3
:10916000B70701401387074083A70740584B698F13
:1091700009C77D8D3335A000828001458280B70705
:10918000014023AAA740828090459377060113737C
:10919000F60081C7DC413363F3009441014893F743
:1091A000F60FB9CB032805008147854EBD4F130F3D
:1091B000800293028004214E21A08507638CC7039F
:1091C0003397FE00B3F5E600E319B7FE9398270046
:1091D000B3951F0193C5F5FFB3F5050133181301CE
:1091E0003368B8006304E611E31956FC18C9850713
:1091F000E398C7FD23200501C167938707F0F58F2A
:10920000D1C3B7170140138707806305E50E1387A5
:1092100007C0630DE50E6302F50EA147854EBD4FF5
:10922000130F800293028004414E21A08507638DB5
:10923000C7033397FE00B3F5E600E319B7FE939535
:1092400027008115B398BF0093C8F8FF33F80801D1
:10925000B315B30033E80501630CE609E31856FCC7
:1092600018C98507E397C7FDB717014023220501F9
:10927000138707806309E508138707C0630BE508B8
:109280006300F508C16763E0F6060328C5010147DE
:10929000054EBD4F130F800293028004A14E21A002
:1092A00005076300D70593070701B317FE00B3F561
:1092B000F600E397B7FE93152700B398BF0093C855
:1092C000F8FF33F80801B315B30033E80501630D67
:1092D000E601B317EE00E31556FC1CD10507E314B5
:1092E000D7FD232E050182805CC95DBF58C9F1B549
:1092F00058C92DBF03A8C1810DB703A8418231BF52
:1093000023A2018341B723AE0181ADBF03A801822F
:1093100029B723A00183BDB708456D8D3335A00063
:109320008280370801408327480013570501B7069C
:10933000300013160501131345003D8B4182B378AD
:10934000D500635D03026388D8049316950063C853
:109350000608B70620006384D8069D463397E600CA
:109360001347F7FFF98F99C5458113750507331525
:10937000A600C98F370701405CC382806389D80487
:109380009316B50063D306028D463397E600134764
:10939000F7FFF98FC9BF83264800370700F17D1713
:1093A000F98EF98F2322D8007DBF1357150113774B
:1093B00007073317E6001347F7FFF98F6DB741072B
:1093C0009D463397E6001347F7FFF98F69BF4107C2
:1093D0008D463397E6001347F7FFF98F69B7378754
:1093E000FCFF7D17F98FD9D53E06D18F61B7730089
:1093F000203001A001A0B776DC02938606C014C11C
:10940000371602405C42918313F7F700B70700203C
:109410009387C70EBA97982350421377F70F1376A6
:109420000608B3D7E60019E2B3D7E6025CC11CC553
:109430005CC5828099C5371702405C4B5D8D48CB77
:109440008280B7170240D84B1345F5FF798DC8CB02
:10945000828099C5371702401C4F5D8D08CF8280EE
:10946000B7170240984F1345F5FF798D88CF82805A
:1094700099C5371702405C4F5D8D48CF8280B71782
:109480000240D84F1345F5FF798DC8CF82801E2149
:10949000B7360140938606C0C207C183F22183D844
:1094A000450003D805006303D50437070040630D6A
:1094B000E50093F7F7CFD18F1EA1231615032314D0
:1094C000050385475EA98280BA2193F6F7F8D98E05
:1094D00093F6F6CFB3E7C6001EA123161503231497
:1094E00005039C251EB985475EA98280B62113F726
:1094F000F7F8558F1377F7CFB367E6001EA1231651
:10950000150323140503F1BF1E2189C593E707083E
:109510001EA18280C207C18393F7F7F7C207C183F8
:109520001EA182801E294A25ED8F4205418189C7EF
:109530006D8D3335A00082800145828093C5F5FF93
:10954000C205C1810EA98280EF921FC91629FA2196
:10955000F577FD17F58FD98FDA251EA92A844A25BC
:10956000AE84FD77CE2192249387379FB624E98F6E
:10957000CD8FD18FD58F5EA45E2841110A85C20799
:10958000C18393F7F7CFD98F5EA8EFF0DFE6B74737
:109590000140938707806300F404A24698409397A4
:1095A0001600B6978E07B6970A07B3D7E702930659
:1095B000400633F7D702120713072703B3D7D702A2
:1095C0003357D70292073D8BD98FC207C1831EA4A0
:1095D00041016F90BFC2B246D1B791C55E25096700
:1095E000D98F5EA582805A25F977FD17F98F5EA580
:1095F000828093F5F51F4EA182804A211375F51FD5
:1096000082805E2989C593E787005EA98280C207B0
:10961000C183DD9BC207C1835EA982800A216D8D53
:109620003335A000828093F7F50F854695833397F5
:10963000B6006387D70289466381D7025E297D8F92
:109640001E210145C207C18301CB0545A181B31588
:10965000B500ED8F3335F00082801E297D8FCDB7A8
:109660005E257D8FF1BFA1818547B395B70093C576
:10967000F5FFC205C1810EA18280B7170240984351
:10968000370600F91306F6F51367170098C3D4439D
:109690003727024093E60605D4C3D443F18ED4C3E2
:1096A0001443F19A14C3144393E6260014C3D84319
:1096B0001377F7F0D8C3D843D8C38280FD57630F20
:1096C000F5009841630CF700630CE5007D5719A085
:1096D0006388A700B1059C41E39CE7FE01458280B9
:1096E00005458280EF92BFAD411102C202C402C69D
:1096F000FD576313F50001A09377F5011397270039
:10970000B9671581938747B193D48540BA971D896E
:109710002E8403A9070093F4F407EFF0AFF1AA89B0
:10972000B1E493572440137734008D8B11CF3AC4A2
:1097300009476382E7080D476382E70805476382AC
:10974000E708C1473EC619A80547638CE704A1CBCB
:109750008946638DD702930780023EC64C004E8532
:109760004AC2EFF07FA241016F90BFA88545054531
:10977000EFF03FCE93073003E3E597FA396793970D
:109780002400130747A4BA979C4382879357444009
:109790008D8BE392E7FC930780043EC6C1B702C6F7
:1097A00075BF91473EC65DBF37051000854505056D
:1097B000EFF03FB7BDB7E1473EC64DB7F1473EC6F4
:1097C00071BFD1473EC659BF3705300885451305DF
:1097D0000540EFF01FB5B1B73705200081451305EF
:1097E0000508EFF01FB435BF370520008545130588
:1097F0000508EFF01FB335B7370530008145130575
:109800000506EFF01FB231BF37053000854513055F
:109810000506EFF01FB131B7370530008545130558
:109820000504EFF01FB0F5BD370530008545130581
:109830000502EFF01FAFF5B537052008814561053A
:10984000EFF03FAEF9BD3705200885456105EFF023
:109850005FADC1BD3705200885455105EFF07FACF0
:10986000C9B53705200885454105EFF09FAB55BDCB
:109870003705200885453105EFF0BFAA5DB53705EE
:10988000200885452105EFF0DFA961BD37052008D7
:1098900085451105EFF0FFA869B5370540088145FA
:1098A0001105EFF01FA8B5BD370540088545110526
:1098B000EFF03FA7BDB53705400885450D05EFF032
:1098C0005FA685B53705400885450905EFF07FA5FA
:1098D00089BD3705400885450505EFF09FA491B582
:1098E000814537750008EFF0DFA325BD8545377545
:1098F0000008EFF01FA335B5854537450008EFF0A8
:109900005FA205B5854537350008EFF09FA111BD71
:10991000854537250008EFF0DFA021B585453715CF
:109920000008EFF01FA0F5BB3715100081451305A7
:1099300005C0EFF01F9FF5B33715100085451305DF
:1099400005C0EFF01F9EF1BB3715100085451305CC
:109950000580EFF01F9DF1B3370510008545130515
:109960000540EFF01F9C75BB3705000881451305C6
:109970000520EFF01F9B75B33705000885451305DB
:109980000520EFF01F9A71BB3705000885451305C8
:109990000518EFF01F9971B33705000885451305C9
:1099A0000510EFF01F98B5BB370500088545130576
:1099B0000508EFF01F97B5B337051500814513056E
:1099C0000506EFF01F96B1BB370515008545130559
:1099D0000506EFF01F95B1B3370515008545130552
:1099E0000504EFF01F9435BB3705150085451305B9
:1099F0000502EFF01F9335B3370500088145510587
:109A0000EFF03F9239BB3705000885455105EFF06F
:109A10005F9101BB3705000885454105EFF07F9058
:109A200009B33705000885453105EFF09F8FD5B99B
:109A30003705000885452105EFF0BF8EDDB13705FC
:109A4000000885451105EFF0DF8DE1B937053008D5
:109A5000814513050540EFF0DF8CE1B137051000BB
:109A600085450D05EFF0FF8B6DB937051000814579
:109A70000D05EFF01F8B75B17D57630CE5009C4120
:109A80006388E7006388A700B1059C41E39CE7FE7B
:109A900001A08280EF924FF48C45EFF0BFC46F902D
:109AA000EFF5FD57630FF5009841630CF700630C69
:109AB000E5007D5719A06308F500B1059C41E39CC2
:109AC000E7FE01458280C8418280AA876306B5000F
:109AD00011C5014591C182803E8582802E8582809C
:109AE0009771FF1F938101F217B1FF1F130181517D
:109AF00017450000130545309765FF1F9385855175
:109B00001776FF1F1306861C63FCC5008322050021
:109B100023A055001305450093854500E3E8C5FEE5
:109B20001385812C97A5FF1F938505746378B50075
:109B30002320050013054500E36CB5FE9302F001F8
:109B4000739002BC930230007390428093028008AD
:109B500073A002309792FFFF9382024B93E2320090
:109B6000739052301715000013054506EF102005BD
:109B7000EF102009EFF07FB0971200009382E2E22D
:109B8000739012347300203071158280EF92CFE40D
:109B90001C4137370140130707C02A84638EE70052
:109BA000370700406385E702370700401307074087
:109BB000638AE7026F908FE405658545130505808C
:109BC000EFF03F891C4037070040E39FE7FC8545E5
:109BD0000545EFF0FF891C40370700401307074099
:109BE000E39AE7FC85450945EFF09F886F900FE108
:109BF000EF928FDE1C4137370140130707C02A84DC
:109C0000638EE700370700406385E70237070040AF
:109C100013070740638AE7026F904FDE05658145B1
:109C200013050580EFF0FF821C4037070040E39FDB
:109C3000E7FC81450545EFF0BF831C403707004036
:109C400013070740E39AE7FC81450945EFF05F827F
:109C50006F90CFDAEF924FD52A84084D396A4111BF
:109C6000AE8D9305CA93328D36C6BA8CEFF07FE382
:109C70002A8C484CB96B93850B90EFF09FE2AA8435
:109C80000850396B93054B8CEFF0BFE1AA8948501F
:109C9000B96A93858A88EFF0DFE063060C0E544CB6
:109CA0007D572A896384E600638F040C14507D5726
:109CB0006384E6006389090C54507D576384E60091
:109CC0006303090CA6856285EFF03FE0CE8508C0EE
:109CD000EFF0BFDF08C0CA85EFF03FDF08C045C521
:109CE000B7470140938707806302F50AB7470040F2
:109CF00093870740630BF50AB757004093870780A7
:109D00006301F50C084C9305CA93EFF0FFD691C49C
:109D1000484C93850B90EFF03FD6014A63890900C8
:109D2000085093054B8C130A0010EFF0FFD4630921
:109D30000900485093858A88136A0A20EFF0DFD320
:109D40008347C40208402324B40113972700B74770
:109D5000002093870711BA971307440098C3B247AE
:109D600048C02316A4011EA8B147231794013EA89A
:109D7000231A440195C493058400EFF0EFFC48409A
:109D80008545EFF09F8541016F90CFC585451165F1
:109D9000EFF02FEC93070002230604021CD49DB7BA
:109DA0008545EFF01F864840F9B785453705020025
:109DB000EFF00FEC85472306F402930770021CD4E2
:109DC00091B7854537050400EFF08FEA89472306F0
:109DD000F4029307A0021CD435B7EF92EFBFB96726
:109DE00083A7079839671307879A8A07BA9780432A
:109DF000B9659385C5932285EFF0BFCA05C13705C4
:109E00000020F1659307C50F014781460146938500
:109E100005201305C50F80CFEFF0DFE36F900FBE75
:109E2000EF920FB9B70900202A892E8A9389C90FAA
:109E3000EFF00F8E83C7C9020947AA8A6366F70845
:109E400037440020130404118A07A29784439387A0
:109E5000C4FFA5CB130B703E19A8EFF06F8BB307AF
:109E600055413335F500639EA504636CFB0483C73D
:109E70008402930500048A07A2979C438843EFF06D
:109E8000EFF961DD630F0A02B30A490183C7840257
:109E9000930500048A07A2979C438843EFF00FF8CC
:109EA00075D583C7C90205098345F9FF8A07A297BB
:109EB0009C438843EFF0EFF3E31A59FD52856F900E
:109EC000AFB201456F904FB2B96783A70798396762
:109ED0001307879A8A07BA9703AB0700B96B938574
:109EE000CB935A85EFF0FFBB69DD37440020238612
:109EF0000902814713040411094C1DA0EFF07FBA39
:109F000083C7C9021397270022970443984063042C
:109F1000A704850793F7F70F2386F9026362FC0213
:109F20008A07A2979C439385CB935A85E1FB83C70D
:109F3000C902850793F7F70F2386F902E372FCFE47
:109F4000EFF0BFE983C7C9020947E36CF7F68A0758
:109F5000A2978443EDBD0947E37BF7EED5B77D5566
:109F60008280EF926FA705226F904FA9EF92CFA644
:109F7000192A11C555221375F50F6F902FA87D551D
:109F8000EDBFEF926FA519226F904FA7EF92CFA46C
:109F90002E84412201E505456F904FA6EF00703AEF
:109FA00062042A896184E14409A8A5226DD5EF00E5
:109FB000503933052541E3E0A4FE2285CD2875D52F
:109FC000F12005456F908FA391C12EA91C2999C33B
:109FD00005458280EF924FA02A844D2085471CA81A
:109FE00005456F90AFA103C5913405898280EF923A
:109FF000AF9E2E84EF00F03483C79134858B85E3C8
:10A000002A8919C4EF00F03333052541637C8500AC
:10A010000545EF00903483C79134858BFDD305450A
:10A020006F90CF9D01456F906F9DB747002093873C
:10A03000C7111307803E98C739671307C7B798C37E
:10A040001307000823A2070023880700BAAB828009
:10A050009386D1349C22373702402314F74283572A
:10A06000A742C207C183F19BC207C1832315F742F0
:10A0700085472386F134238006008280EF92CF95B6
:10A0800021216F90AF9703C5A134828083C7C1346B
:10A0900093F7F70F81EF83C7D13493F7F70F99C781
:10A0A000EF928F93EFF0DFFA6F904F9582801387D6
:10A0B000C1341C2393F7F70FB9EB9386D1349C225C
:10A0C000374600201306861493F7F70F9385170081
:10A0D00093F5F50F8CA28C22B2972380A7049307E7
:10A0E000F003054563F4B7021C2393F7F70F99EFCC
:10A0F0009C2293F7F70F99CBEF920F8E41112AC64E
:10A10000EFF01FF5324541016F904F8F828001457E
:10A11000828003C5013582801387A1341C2393F705
:10A12000F70FEDDF9387B1349423374600201306F1
:10A13000861493F6F60F9385160093F5F50F8CA30E
:10A140001C23B29603850600FD1793F7F70F1CA397
:10A1500081EF373702408357A742C207C183CD9BA7
:10A16000C207C1832315F742828037470020B737E3
:10A1700002401307C71323AAE740374700201307FD
:10A18000871423ACE740130700042386E7403147D8
:10A19000A386E74049472393E7422395E74223926A
:10A1A00007422394074223850134238601348280A9
:10A1B00083C741351307100293F7F70F638DE7024A
:10A1C00013072002638AE700130700020145638337
:10A1D000E7021305F00F8280B747002003C727135B
:10A1E00083A6C1829387913498A31307004B01453E
:10A1F0006388E6028280EF823FFE9387C182214519
:10A2000023ACF134692E83D6213521476374D700FE
:10A210002399E13403D521351375F50F6F801FFEA7
:10A220009C23858BE1FB05472384E134828083C72F
:10A230004135130700026309F700B73702401307DF
:10A2400000042391E7428280B7370240938707409A
:10A250009C47214793F7F70F93F5F70F636CF702CD
:10A260008DC3B7460020938606131387C1828147AA
:10A270009022850793F7F70F10A385060507E3E9FA
:10A28000B7FE2399013413070004B7370240239126
:10A29000E7428280A145E9B723860134373702407F
:10A2A0008357A742C207C183F19B93E72700231579
:10A2B000F7428280B737024003C767409387074061
:10A2C000137707040DC3984719CFBA374207418364
:10A2D0004D9B13678700BAB79C4793F7F70F238509
:10A2E000F134A3850134828037EE000093058EBBE4
:10A2F00083238EBB83A2450083AF850003AFC500D7
:10A3000083CE05017971B7F7FF1F380803A5877E53
:10A310003A8683A8C77EF14603A3077F71581EC201
:10A3200016C47EC67AC8230AD101B357D300BD8BA9
:10A33000930E0103F69783C747FD0506F116A30F99
:10A34000F6FEE39406FF03A845009045D445032399
:10A350008EBB9C2942C432C636C81AC2230AF100F9
:10A360003A86F1467158B3D7D800BD8B1303010369
:10A370009A9783C747FD0506F1167CB2E39506FF61
:10A380009045D44503A845009C2983288EBB32C63E
:10A3900036C846C242C4230AF1003A86F146F15556
:10A3A000B357D500BD8B13080103C29783C747FD80
:10A3B0000506F1167CB6E395B6FE370600201306B7
:10A3C0008616930730043EA2930770045EA293079B
:10A3D0006600130666038306070089070507239FA7
:10A3E000D7FEE31AF6FE45618280EF82FFDEB705F5
:10A3F00000209385851437E7000093073004BEA141
:10A40000930627BB93874500130727BBB90513069F
:10A41000800419A06388F50092A30306070089074A
:10A4200005076DFA370600201306861593073004DA
:10A430003EA21307800493074600390619A063085B
:10A44000F6009AA303870600890785066DFB370689
:10A4500000201306C6129307300437E700003EA21F
:10A46000130727BA9307460093068004710619A0C4
:10A470006388C70096A38306070089070507EDFADE
:10A48000EFF09FE66F809FD7EF821FD501118545C2
:10A490000545EFE01FFC85454145EFE09FFB854505
:10A4A0000565EFE03FF902C4A24705671307773857
:10A4B0006349F7000100A24785073EC4A247E35B5A
:10A4C000F7FEC1674C08371501403ECA91473ECEA2
:10A4D00002CCEFE07FCBB70702003ECA4C089307DF
:10A4E0008004371501403ECEEFE01FCAB706014099
:10A4F0009C4E15671307F7E193F707F393E7C70C33
:10A500009CCE02C6B2476349F7000100B2478507F7
:10A510003EC6B247E35BF7FEEFF03FEDB7370240D0
:10A520002380074002C8C24705671307773863498D
:10A53000F7000100C24785073EC8C247E35BF7FE4C
:10A54000B7470020B73402409387071323A8F4408D
:10A5500089472391F44223900442EFF01FC12388DE
:10A560000134A387013423870134A3810440FD57BC
:10A570002383F440930710F8A380F4409D47238180
:10A58000F4400967B7E700E023A2E71093079002C1
:10A59000138404402380F44005616F803FC6930517
:10A5A000F5FF93F6F50F0DC5138681351C4237472D
:10A5B00000201307071393852700B69585071CC253
:10A5C00083C6F7FF05078507A30FD7FEE399B7FEFC
:10A5D00082801D713ED8B737024036DC86CE96CCDD
:10A5E0009ACA9EC8A2C6A6C4AAC2AEC032DE3ADAD1
:10A5F00042D646D44AD272D076CE7ACC7ECA9387DF
:10A600000740E023F8331374F40F9376240085C6D3
:10A610001377F70F93760703130600023D8B6382CF
:10A62000C612930500036387B60CCDCEB737024040
:10A6300009472383E74093774400BDE3058825E875
:10A6400083C7813493F7F70F95C72384013402C67B
:10A65000B24775671307F74B6368F700B247850782
:10A660003EC6B247E37CF7FEB7370240238007407F
:10A67000EFE0FF863644F640E6425643C643A64422
:10A68000164586457256E2565257C2573258A2585E
:10A690001259025EF24E624FD24F25617300203094
:10A6A000B737024011472383E740058851D8B747A1
:10A6B000002037340240938707132328F44089474A
:10A6C0002311F44223100442EFF03FAA23880134FF
:10A6D000A387013423870134A3010440FD572303DA
:10A6E000F440B9BF6309071E8947E311F7F4EFF09F
:10A6F0007FBC2DBF37480020130708137C33742319
:10A700000C33A207D58F93842135834608139EA06E
:10A71000138941352300B9009387513594A39423BD
:10A7200093F606069DE683470900A54693F7F70FC3
:10A7300063E6F602B9668A079386C6C2B6979C435B
:10A740008287630307108947E312F7EEEFF0DFB467
:10A75000F1BD9C2393F70706638CC700FD572300C8
:10A76000F9001307F00CB73702402391E7427DBD93
:10A77000EFF01FA49307F00FE302F5FE9317050116
:10A78000C1839A20B73602401D8F420741839AA0A9
:10A790002390F6429307000C2391F64241BD3423E7
:10A7A000A387D13405472388E1348147D9BF83C6C5
:10A7B000F1349A2085472308D81263F3E7009EA05E
:10A7C0009E2013F5F70F7DB73C3389466381D71C74
:10A7D0008D466384D7148546E392D7F8B96793878B
:10A7E00087C1938681359CC2C947922063F3C70015
:10A7F0009EA09E201D46636FF6109E2013F5F70F56
:10A800006300051A1306F5FF1376F60F9C42050642
:10A810003A968507130808139CC203C7F7FF05087B
:10A820008507A30FE8FEE31906FFA9B7382323879E
:10A83000E1348147B9B7962023080812A300070026
:10A840008947E3FFD7F6A5BF03C75135137707063E
:10A85000E30ED7DC03C7413595461377F70F630640
:10A86000D7089946631ED708938421359E201D473B
:10A87000636CF7089A200145420741839377F70FED
:10A880009DCB9385F7FF93F5F50F3E859386813534
:10A890009842B74700201386071385050507B29530
:10A8A0009387071398C20346F7FF85070507A38F11
:10A8B000C7FEE399B7FE9A20B7370240098F4207D7
:10A8C00041839AA02390A74203D727421347070446
:10A8D0002391E742A1BB03C75135137707066308ED
:10A8E000C70213070004BAB391B3B83383C6E13487
:10A8F00013770708558FB8B313072008BAB33DB3D1
:10A9000013072008BAB31DB321459D4541B7EFF0A9
:10A910001F9229BB21451D46D5BD3C23914663E9C5
:10A92000F600B9668A07938646C5B6979C43828728
:10A93000B707002093868135938787169CC29C4277
:10A940009305F00F902393170601C183E31FB6E828
:10A9500031B5B707002093868135938787159CC250
:10A96000F9BFB707002093868135938787149CC26F
:10A97000F9B793868135938781849CC2C9B7B7079D
:10A980000020938681359387C7129CC24DBFB9675B
:10A990009387C7BC938681359CC29307B004B1B539
:10A9A0008147C5B38280EF823F83EFE00FC8374510
:10A9B000002081451305C511EFF00FE1EF805FFF27
:10A9C000EF90CFADF5BFEF828FFF9377F50F69471B
:10A9D0006362F7068A0739671307879ABA97804335
:10A9E00013750570FD57498C6303F4041359340043
:10A9F0009379C901374900201309891CB30739012C
:10AA00009C43137AF401AE84B3D74701858BD1E31D
:10AA1000954763E09702396793972400130787C629
:10AA2000BA979C43828781452285EFE0BFCB6F8038
:10AA30004FFC01A01377050C9306000CE319D7FE19
:10AA40001307D00CE365F7FE9377F5033967130717
:10AA500087978A07BA979C4339678A07B5BF9305DA
:10AA600080022285EFE01FC8D9B7E1452285EFE0DB
:10AA70007FC775BF8D452285EFE0DFC64DBF91458D
:10AA80002285EFE03FC665B79D452285EFE09FC573
:10AA900079BFB5659385C57B2285EFE03FC209ED9F
:10AAA0004E99032709008547B397470193C7F7FFDE
:10AAB000F98F2320F900A9BF2285EFE04FBCCDB765
:10AAC000EF828FF11377F50FE946AA8763E1E60479
:10AAD0000A07B9669386869A36970C4393F70770F0
:10AAE0008946CD8F13D7570085451D8BB395F5004B
:10AAF00063E7E604B70700200A07938707013E973C
:10AB00000843EFE07F813335A0006F802FEF93760D
:10AB1000050C1306000CB70500800145E393C6FE43
:10AB20009306D00CE3EFE6FC13F7F703B9669386C0
:10AB300086970A0736971843B9660A0761BF014529
:10AB4000C9B7EF826FE9EFE06FBD6F802FEBEF8247
:10AB5000AFE8EFE06FBD6F806FEA11E18280EF82B6
:10AB6000AFE72A84EFE08FBBAA84EFF0BFE3EFE00A
:10AB7000EFBA058DE36B85FE6F804FE8411122C46B
:10AB800006C62A8411E105442285DD2011E511283D
:10AB900011E139280295CDBFB240224441018280A3
:10ABA00039A09387C13588430F00F00F8280F1A050
:10ABB0004111194506C66D260545EF007008AA85A6
:10ABC00081460146014525A1411197370000938731
:10ABD000A72222C417340000130404221D8C26C2AD
:10ABE00006C60984BE8419E42244B240924441015D
:10ABF0006FE0CFD67D1493172400A6979C438297CD
:10AC0000DDB74111973700009387C71D22C4173461
:10AC100000001304241D1D8C26C24AC006C60984E8
:10AC200081443E8963988402EFE06FD39737000038
:10AC30009387471B173400001304041C1D8C0984E0
:10AC400081443E89639F8400B24022449244024979
:10AC50004101828093972400CA979C438504829780
:10AC6000D1B793972400CA979C4385048297D9BF94
:10AC700093874183AA85884359A293874183AA85F4
:10AC80008843E1A801476314E60001458280B307C9
:10AC9000E5000507B386E5009C2383C6F6FFE38441
:10ACA000D7FE3385D7408280B3C7A5008D8B33078D
:10ACB000C50081E78D4763EDC700AA87637EE5087D
:10ACC000942185078505A38FD7FEE3EBE7FE8280FD
:10ACD00093763500AA8789CA942185078505A38FB5
:10ACE000D7FE93F63700C5BF9376C7FF138606FEDF
:10ACF00063F0C70683A3050083A2450083AF8500E8
:10AD000003AFC50083AE050103AE450103A3850172
:10AD100083A8C5019385450223A0770003A8C5FF3A
:10AD200023A2570023A4F70123A6E70123A8D701F4
:10AD300023AAC70123AC670023AE170193874702FC
:10AD400023AE07FF75B790419107910523AEC7FE6B
:10AD5000E3EBD7FEE3E6E7F68280CDC183A7C5FF2C
:10AD6000411122C406C626C21384C5FF63D307005F
:10AD70003E94AA84192E938701369C4399EB232293
:10AD8000040023A081362244B2402685924441012A
:10AD9000F5AC637EF40014403307D4006396E700FB
:10ADA0009843DC43369718C05CC0E1BFBA87D843EC
:10ADB00019C3E37DE4FE94433386D700631F860006
:10ADC0001040B29694C33386D700E31EC7FA1043EF
:10ADD0005843B29694C3D8C37DB76375C400B147D6
:10ADE0009CC055B71040B306C4006316D700144387
:10ADF0005843B29614C058C0C0C371B782800111C5
:10AE000026CA93843500F19806CE22CC4AC84EC695
:10AE1000A104B14763F1F404B14463E0B4042A89A6
:10AE2000AD249387013698433A8431E093874136C5
:10AE30009C4391E781454A85512823A2A136A685E6
:10AE40004A856920FD5963173507B1472320F9006A
:10AE50004A852D2C29A0E3D204FCB1471CC1014531
:10AE6000F2406244D2444249B249056182801C40AA
:10AE7000858F63CE0702AD4663F6F6001CC03E9494
:10AE800004C031A05C406312870223A0F1364A85DA
:10AE9000F52A1305B4009307440061993307F54080
:10AEA00061D33A94898F1CC065BF5CC3CDB722873C
:10AEB0004040A5BF130435007198E30385FCB3053A
:10AEC000A4404A852120E31D35FB41B7411122C42E
:10AED0002A842E859797FF1F23A6073806C6EFE022
:10AEE0002FA5FD576319F5009797FF1F93878737A5
:10AEF0009C4391C31CC0B240224441018280FD4763
:10AF000063F6B700D9471CC17D5582807C41011191
:10AF100022CC06CE2E862A8491C713972500BA9795
:10AF2000984319EB228532C69D28AA852285624462
:10AF30003246F24005611DA8854601456308D700E9
:10AF4000FD566319D700D9471CC00545F24062443D
:10AF5000056182802E8523A0070002970145FDB779
:10AF600093874183AA8588436FF07FF9411122C4FA
:10AF70002A842E85B2859797FF1F23A5072E06C624
:10AF80004529FD576319F5009797FF1F9387872D74
:10AF90009C4391C31CC0B24022444101828049A11C
:10AFA00093F5F50F1C2191C76393B70082800505C7
:10AFB000D5BF91C101458280AA87850703C7F7FFE6
:10AFC0006DFF3385A7407D158280AA8709CA850554
:10AFD00003C7F5FF85077D16A38FE7FE65FB3E9649
:10AFE0006393C70082808507A38F07FED5BF938731
:10AFF00081369C432A8E9DE31797FF1F1307C71DB9
:10B0000023A4E1361755FFFF1305C5FFBA8719C5FD
:10B010001C411795FF1F2325F524BA87D8437D4887
:10B020007D556347E804630E0E0203A88708630199
:10B03000080493182700C29823A0C800032308100F
:10B0400005463316E6003363C3002320681023A0AF
:10B05000D80889466317DE0083264810558E2322C0
:10B06000C810930617000A07D4C3BA978CC70145C6
:10B0700082809757FFFF9387E7F899C7170500006D
:10B080001305C5B46FF0BFB3828082808280B6871B
:10B09000B2882A832E88639B061463F8C50A416729
:10B0A000636BE61AB70700016360F63493568601B6
:10B0B000E147173700001307E7C236971823BA97FE
:10B0C000130700021D8F19CB3398E500B357F50025
:10B0D000B318E60033E807013313E50013D608017F
:10B0E0003355C80293960801C18293570301337701
:10B0F000C802B385A60242073368F700637AB80036
:10B1000046989307F5FF636418016365B8303E8580
:10B110003308B8403357C80242031353030133784E
:10B12000C802B386E602420833686800637BD80031
:10B1300046989307F7FF6365180179176363D80092
:10B140003E874205598D8145828001E60547B35807
:10B15000C702416763E8E80EB707000163EAF82811
:10B1600093D68801E147173700001307A7B7369732
:10B170001423BE9693070002958FFDE7939E080166
:10B180003387154113DF080193DE0E018545935780
:10B1900003013355E7033377E703B306D5034207CB
:10B1A000D98F63FAD700C6971307F5FF63E4170139
:10B1B00063E5D7263A85958F33D7E70342031353C8
:10B1C0000301B3F7E703B30ED703C207B3E7670082
:10B1D00063FBD701C6979306F7FF63E5170179175D
:10B1E00063E3D70136874205598D828063E1D50438
:10B1F000C16763E1F604B707000163E3F61E13D7E6
:10B2000086016148973700009387C7ADBA979823A6
:10B21000130E00024297330EEE40631A0E0C63EDDC
:10B22000B61C3335C5001345150081458280814524
:10B23000014582809307F00F63F3D71C13D7860074
:10B240002148C9B71307F00FC686E37E17F193D6DE
:10B250008800A14709BF1307F00FB286E37BC7E45C
:10B2600093568600A147B1B5B398F80033D6D50000
:10B2700013DF0801335EE6033397F500B356D500BC
:10B28000558F939E080193DE0E013313F5009355FD
:10B290000701B376E603B387CE03C206CD8E63FB08
:10B2A000F600C6961306FEFF63E4161763F2F61661
:10B2B000791EC6969D8E33D6E60393170701C18388
:10B2C000B3F6E6033385CE02139706015D8F637BE9
:10B2D000A70046979307F6FF636817136376A712D4
:10B2E0007916469793150E01098FD18D4DB5B35739
:10B2F000E600B396C601DD8E33D3E50013DF060109
:10B30000B357E303939E060193DE0E013398C50104
:10B310003357E50033680701935808013316C60117
:10B320003373E303B385FE024203B368130163FB87
:10B33000B800B6981387F7FF63EAD80C63F8B80C27
:10B34000F917B698B388B84033D7E80342081358C2
:10B350000801B3F8E8033383EE02C208B3E508013D
:10B3600063FB6500B6951308F7FF63EDD50863FB33
:10B3700065087917B695C207416FD98F1307FFFF8C
:10B38000B3F6E70093D80701718F4182B38EE602CE
:10B39000B3856540B386C60213D80E013387E80231
:10B3A000BA96C2963386C80263F3E6007A9693D8BB
:10B3B0000601469663E2C5026385C5003E85814568
:10B3C000828041677D17F98EC206B3FEEE00331509
:10B3D000C501F696E374D5FE1385F7FF814582809B
:10B3E00013D70601414839BD93560601C147D1B173
:10B3F00093D60801C14785BB8145054582803687C4
:10B40000014809B5428785BF3E86E9BDBA871DBFA1
:10B41000328E4DB579154698E5B97915C69761BB59
:10B42000930780051797FF1F232EF7E27D55828033
:10B43000930780051797FF1F2326F7E27D5582802B
:10B4400001A00000E8D40000ECD40000F0D400001B
:10B45000F4D400000A6D6F64652C77616C6B6572C3
:10B46000732C6670732C647261775F75732C6C63D8
:10B47000645F75732C6C61796572732C726561649D
:10B48000732C626C6F636B732C657272000000002A
:10B4900000000000000000000000000000000000AC
:10B4A0000000000000000000000000001111110069
:10B4B000000000000000111177DD7711110000007D
:10B4C0000000E1DEDDDDDDED1E0000000000D17DCD
:10B4D000EDFFDED71D0000000000D1D7FEFFEF7D9D
:10B4E0001D00000000003133EEFFEE373301000095
:10B4F0000011F33FEDEEDE37FF130000103DFFFFBC
:10B5000073EE7DF3FF3F0100103EAFAF4FDD47AF5D
:10B51000AF3F0100103DAFAFFADDF7AAAF3F01002A
:10B5200000313F3AAADDA73A3A3F010000101A1A4B
:10B5300041D747111A1A000000004141777777146C
:10B5400001010000001044777777771700000000B2
:10B5500000114477D7DD7D170000000010D477DD9F
:10B56000EEEEDE4701000000107774D7EDEE7D7738
:10B570000100000010741444774744D70100000014
:10B580000041441144747D4401000000001011008A
:10B5900011D4DD4701000000000000111141D71D4A
:10B5A0000000000000001011111111110100000035
:10B5B0000000101111111111010000000000001114
:10B5C0001111111100000000000000001111110004
:10B5D000000000000000000000000000000000006B
:10B5E000000000000000000000000000000000005B
:10B5F0000000000000000000000000001111110018
:10B60000000000000000111177DD7711110000002B
:10B610000000E1DEDDDDDDED1E0000000000D17D7B
:10B62000EDFFDED71D0000000000D1D7FEFFEF7D4B
:10B630001D00000000103373EEFFEE331300000016
:10B640000031FF73EDEEDEF33F01000010F3FF3F2A
:10B65000DDEE3DFFFF13010041F3FAFA73DDF3FA6B
:10B66000FA73170071F3FAAA7FDDAFFAFAE31D004F
:10B6700071F3A3A37ADDAAA3F3D31D0010A1A11136
:10B68000747D14A1A11101000010104477774714B4
:10B690001400000000001074777777440100000068
:10B6A00000001077777777470100000000001077DF
:10B6B000DDDD7D7714000000000041D7EEEEDD7780
:10B6C000140000000000417DDDDD7D471700000013
:10B6D0000000417D4711447717000000000010472B
:10B6E000441474DD1700000000001074DD1444449D
:10B6F00001000000000010111111111101000000E3
:10B7000000000011111111110000000000000000E4
:10B7100011111100000000000000000000000000F6
:10B720000000000000000000000000000000000019
:10B7300000000000111111000000000000001111B4
:10B7400077DD7711110000000000E1DEDDDDDDEDC9
:10B750001E0000000000D17DEDFFDED71D000000BF
:10B760000000D1D7FEFFEF7D1D00000000103373F5
:10B77000EEFFEE33130000000031FF73EDEEDEF359
:10B780003F11000010F3FF3FD7EE37FFFFD301005A
:10B7900010F3FAFA74DDF4FAFAE3010010F3FAAAEE
:10B7A0007FDDAFFAFAD3010010F3A3A37ADDAAA3D9
:10B7B000F313000000A1A111747D14A1A1010000E8
:10B7C000001010417777771414000000000000711A
:10B7D000777777774401000000000071D7DD7D772F
:10B7E0004411000000001074EDEEEEDD774D010015
:10B7F00000001077D7EEDE7D477701000000107D56
:10B80000447477444147010000001044D747441175
:10B810004414000000001074DD4D110011010000FF
:10B82000000000D17D141111000000000000101173
:10B83000111111110100000000001011111111115E
:10B8400001000000000000111111111100000000A2
:10B8500000000000111111000000000000000000B5
:10B860000010010000000000000000001171010044
:10B8700000000000000000106D1111110000000018
:10B88000000000716ED6DE4701000000000000E1FC
:10B890006EE7FFDE14000000000010E77DEDFFEF13
:10B8A00017000000001010EDDDDDEEEE1D000000C1
:10B8B00000A111DDDDF7EDE31D00000000F113D75D
:10B8C0007D77EEE11711000010FA414474F7EDE3C3
:10B8D000C6D10100101FD77D4777EEEE66D101007B
:10B8E000101FEDEE7DF7EDDD66710100101FE7DE44
:10B8F000ED7EDE7F14170000101A417467EEDEFF44
:10B900003F01000000310141D4EEDEF3FF010000F1
:10B9100000100010D4ED7D3713000000000000106F
:10B92000D7EEEE7D4701000000000010D7DDEE7E6F
:10B93000D70100000000004174D7DD7EDE01000069
:10B9400000000071447777D71E00000000000071EE
:10B95000471444D41700000000000041DD471111D6
:10B960000100000000000011111111110000000081
:10B970000000101111111111010000000000101140
:10B98000111111110100000000000011111111111D
:10B990000000000000000000111111000000000074
:10B9A0000000000000000000000000000000000097
:10B9B000000011000000000000000000101117003E
:10B9C0000000000000000000D1161111010000006D
:10B9D00000000010E766ED7D14000000000000107C
:10B9E000EE76FEEF4D01000000000071DED7FEFF95
:10B9F0007E010000000001D1DEDDEDEEDE01000081
:10BA000000101AD1DD7DDF3EDE01000000103F7125
:10BA1000DD7DE71E7E01000000A1FF414477DF3E8F
:10BA20006E1C000000F1A371DD77E7EE67160000E1
:10BA300000F1A3D1EE7DDFEE6716000000F133D1F7
:10BA4000EE4DD7FD4701000000A11371DD47EDFD6C
:10BA5000FF0100000010131044D4EEADFF01000000
:10BA60000000010041D7EE7D3A0100000000000017
:10BA700011DDEE7D470100000000000041D7EEDD42
:10BA8000470100000000000071D7EE7D4401000076
:10BA900000000000717DDE7744140000000000000B
:10BAA00071DD7D44741700000000000041D7DE7195
:10BAB00047010000000000101111111111010000D8
:10BAC0000000001011111111110100000000000010
:10BAD00011111111110000000000000000111111DE
:10BAE0000000000000000000001001000000000045
:10BAF00000000000117101000000000000000010B3
:10BB00006D11111100000000000000716ED6DE47BB
:10BB100001000000000000E16EE7FFDE14000000FD
:10BB2000000010E77DEDFFEF17000000001010EDA2
:10BB3000DDDDEEEE1D00000000A111DDDDF7EDE31F
:10BB40001D00000000F113D7DD77EEE11D000000BD
:10BB500010FA1F474444EDE3C6010000103F1A7479
:10BB6000DD7DE4DE66010000103F1AD7EEDE47DD22
:10BB700066010000103F1377EDDE477F14000000E0
:10BB8000103A1144777DD4FF1F00000000310111ED
:10BB90004444DEFA1F0000000010004177DDEEAAE9
:10BBA0003A1100000000004177DDDE3D73440100E2
:10BBB00000000041D7EDDE47477701000000107418
:10BBC000DDED7E47744D010000001074EDEE7D4404
:10BBD000741D0000000010D7D7DE1411D417000028
:10BBE000000010E77D44110011010000000010D793
:10BBF000DE111111000000000000101111111111CF
:10BC000001000000000010111111111101000000CD
:10BC100000000011111111110000000000000000CF
:10BC200011111100000000000000000000000000E1
:10BC300000000000000000001111110000000000D1
:10BC40000000111174DD4711110000000000E1DE59
:10BC5000DDDDDDED1E000000000061D6EDFFDE6DD4
:10BC600016000000000061DDFEFFEFDD16000000A1
:10BC7000001071EDEEFFEEDE1701000000F141ED66
:10BC8000EEEEEEDE141F00001011E1DFE3EE3EFDEC
:10BC90001EFA0100717741E7E1771E7E1411010061
:10BCA00071DDE4DFE3663EFD77DD170010D744D792
:10BCB000EE66EE7DD4FF1D001011E4DFEE66EEFDB2
:10BCC000D4FF170010AF4177DDDDDD7744110100AF
:10BCD000101A1A77FFAAFF4714A10100000111777B
:10BCE000FFFFFF470110000000104174A3FFAF47A2
:10BCF000010000000041EE7434AA4A740100000003
:10BD000000E1774E473374740100000000717747FB
:10BD1000777747D7010000000041774E444474DD37
:10BD2000010000000010E44E1141D77D0100000029
:10BD300000001111114147440100000000001111E1
:10BD40001111111100000000000011111111111149
:10BD5000000000000000101111111101000000008E
:10BD600000000010111101000000000000000000A0
:10BD700000000000000000000000000000000000C3
:10BD80000000000000000000101111010000000080
:10BD90000000101141D77D1411010000000010EEC9
:10BDA000DDDDDDDDEE01000000001066DDFEEFDD13
:10BDB00066010000000010D6EDFFFFDE6D010000FF
:10BDC000000011D7EEFEEFEE7D11000000101FD431
:10BDD000EEEEEEEE4DF10100004114D43EEEEEE346
:10BDE0004DA11F00107717FE1D7EE7D1EF741400E0
:10BDF00071EE4D743E6EE6E347E7DE0171DD7DFED8
:10BE0000ED6EE6DEEFEDDE0110114174DE6EE6ED63
:10BE100047DD7D0100A11AFEDDDEEDDD4E111100D2
:10BE200000A11174ADAFFADA14101A0000101074EA
:10BE3000ADFFFFDA17000100000010D43DFFFF73D3
:10BE400017000000000041D737FAAF731700000059
:10BE5000000041EDDD33337747010000000041E78A
:10BE6000DE4774774D01000000004174741741DD16
:10BE70004D010000000041DD4714747747010000C8
:10BE800000004174DD1441DD440100000000101188
:10BE900011111111110000000000001011111111F9
:10BEA000010000000000000010111101000000005E
:10BEB0000000000000000000000000000000000082
:10BEC00011111100000000000000111174DD471174
:10BED000110000000000E1DEDDDDDDED1E000000F0
:10BEE000000061D6EDFFDE6D16000000000061DD90
:10BEF000FEFFEFDD16000000001071EDEEFFEEDE3C
:10BF00001701000000F141EDEEEEEEDE141F00001F
:10BF100010AFE1DFE3EE3EFD1E110100101141E71D
:10BF2000E1771E7E1477170071DD77DFE3663EFD53
:10BF30004EDD1700D1FF4DD7EE66EE7D447D01004A
:10BF400071FF4DDFEE66EEFD4E11010010114477DA
:10BF5000DDDDDD7714FA0100101A4174FFAAFF77C6
:10BF6000A1A1010000011074FFFFFF771110000074
:10BF700000001074FAFF3A47140100000000104757
:10BF8000A4AA4347EE14000000001047473374E4AE
:10BF9000771E00000000107D74777774771700001B
:10BFA000000010DD474444E477140000000010D77F
:10BFB0007D1411E44E0100000000104474141111AE
:10BFC00011000000000000111111111111000000FA
:10BFD00000000011111111111100000000000010EB
:10BFE00011111111010000000000000010111101D9
:10BFF0000000000000000000100100000000000030
:10C0000000000000101711000000000000000011E7
:10C010001111D6010000000000001074ED6DE6174C
:10C0200000000000000041EDFF7EE61E0000000061
:10C03000000071FEFFDED77E010000000000D1EE9F
:10C04000EEDDDDDE010100000000D13EDE7FDDDD42
:10C05000111A00000000D11EEE77DD7D311F0000B7
:10C0600000106C3EDE444474F1AF0100001066ED38
:10C070004ED7DD47A1F30100001066DD74EDEE7DC3
:10C08000A1F30100000041F774EDDE7731F3010008
:10C090000000F1FF4DD7774411A301000000F1AF7C
:10C0A000ED444411101300000011A3AAEEDD771433
:10C0B00000010000104437D3EDDD771400000000CC
:10C0C00010777474EDDE7D140000000010D4477406
:10C0D000E7DEDD470100000000D14744D7EEDE4730
:10C0E0000100000000714D1141ED7D7D0100000057
:10C0F000001011001144D77E010000000000001163
:10C100001111ED7D0100000000001011111111113D
:10C1100001000000000010111111111101000000B8
:10C1200000000011111111110000000000000000BA
:10C1300011111100000000000000000000000000CC
:10C1400000000000000000001100000000000000DE
:10C15000000000007111010000000000000010113B
:10C1600011611D0000000000000041D7DE667E0165
:10C17000000000000010D4FEEF67EE010000000098
:10C180000010E7FFEF7DED17000000000010EDEE5E
:10C19000DEDDED1D100000000010EDE3FDD7DD1D1C
:10C1A000A10100000010E7E17ED7DD17F3010000D8
:10C1B00000C1E6E3FD774414FF1A0000006176EE4B
:10C1C0007E77DD173A1F0000006176EEFDD7EE1D89
:10C1D0003A1F0000001074DF7DD4EE1D331F0000F5
:10C1E0000010FFDFDE74DD17311A00000010FFDAE7
:10C1F000EE4D4401310100000010A3D7EE7D140084
:10C2000010000000001074D7EEDD110000000000E7
:10C21000001074DDEE7D140000000000001044D713
:10C22000EE7D17000000000000414477EDD71700B5
:10C230000000000000714744D7DD17000000000037
:10C2400000107417ED7D14000000000000101111A3
:10C250001111110100000000001011111111110144
:10C260000000000000001111111111000000000079
:10C27000000000111111000000000000000000008B
:10C280001001000000000000000000001017110065
:10C2900000000000000000111111D6010000000094
:10C2A00000001074ED6DE61700000000000041ED85
:10C2B000FF7EE61E00000000000071FEFFDED77E5C
:10C2C000010000000000D1EEEEDDDDDE0101000026
:10C2D0000000D13EDE7FDDDD111A00000011711E6D
:10C2E000EE77D77D311F0000101D6C3EDE7F474486
:10C2F00014AF0100101D66EEEE7774D77DF10100DA
:10C30000101766DDDE7FD7EEDEF10100007141F728
:10C31000EDE7DEED7EF101000010F3FFEDEE764774
:10C3200014A101000010FF3FEDEE4D1410130000AA
:10C3300000003173D7DE4D0100010000001074D7FA
:10C34000EEEE7D010000000000107DE7EEDD7D01D6
:10C35000000000000010EDE7DD7D47140000000044
:10C360000000E17D77774417000000000000714D68
:10C370004441741700000000000010111174DD1416
:10C380000000000000000011111111110000000058
:10C390000000101111111111010000000000101116
:10C3A00011111111010000000000001111111111F3
:10C3B000000000000000000011111100000000004A
:10C3C00000000000222222000000000000000022E5
:10C3D000BB55550200000000000020B555555525FD
:10C3E00002000000000052558855855525020000C6
:10C3F00000205B858C588558B52B020000B0558510
:10C400008C88885858BB2B0000B25B85CCCC8C55EF
:10C4100088BB2B0020BB8B88C8CC5885C8B52B00A7
:10C42000B2BB8C8888888888C85825005285CC88FB
:10C4300088BB88BBCC5825005255C8CCB8BBBBBB09
:10C440008C552500205585CCBCBBBBBB5855020084
:10C45000005255C8BCBBBBBB552200000022525540
:10C4600055BBBB5B22FE020020DE2D525555BB2280
:10C4700092ED2F00209D9922222222992DE92F0052
:10C4800000922999DDDDDDEDDE920200002022DD43
:10C49000DDDEEEEEDF22000000002099D9EEEEFF97
:10C4A000DF2900000000F2EF9DEDFFFFDE29000014
:10C4B0000000E2DDEED9EDDE9D0200000000D2BBFF
:10C4C000DB2D229299020000000020BBBB991222B2
:10C4D00022000000000000222222111111000000A1
:10C4E00000000010111111110100000000000000F7
:10C4F0001011110100000000000000202222220281
:10C5000000000000000000525555552500000000B5
:10C51000000020858C5885580200000000005285DC
:10C52000C8C88C5525000000002085858888555591
:10C530005802000000228B8858555585B82200000B
:10C5400020BB8B8888888888B8BB0200B2BB8B88E8
:10C55000BB88BB88B8BB2B00B25BC8B8BBBBBB8B6E
:10C560008CB52B00B255C5BCBBBBBBCB5C552B00FF
:10C57000205B5585BBBBBB5C55B502000022525504
:10C58000B5BB5B5525220000209E295255BB552581
:10C5900092E90200E2EE99292222229299EE2E00DF
:10C5A000F29ED2D9999999992DE92F002022E2EE95
:10C5B000DE99D9EE2E2202000020E9EEEEDDEEEE4D
:10C5C0009E0200000020F9FEEEEEEEEE9F0200005B
:10C5D0000020DDEFEEEEEEFEDD0200002022D9DDD0
:10C5E000FEFFFFDF9D220200F2DE9999DDDDDD9D79
:10C5F00099ED2F00F2EE9D9999999999D9EE2F0016
:10C600002092999999229299992902000020222238
:10C61000221121222202000000000011111111112B
:10C6200000000000000000001111110000000000D7
:10C630000000000022222200000000000000002074
:10C640005555BB2200000000000020525555555B97
:10C650000200000000205255585588552500000062
:10C6600020B25B855885C858B5020000B2BB8585ED
:10C670008888C858550B0000B2BB8855C8CCCC5828
:10C68000B52B0000B25B8C5885CC8C88B8BB0200FF
:10C6900052858C8888888888C8BB2B005285CCBB83
:10C6A00088BB8888CC5825005255C8BBBBBB8BCCF7
:10C6B0008C552500205585BBBBBBCBCC5855020003
:10C6C000002255BBBBBBCB8C5525000020EF22B50B
:10C6D000BBBB555525220000F2DE2922BB5555254E
:10C6E000D2ED0200F29ED2992222222299D9020092
:10C6F0002029EDDEDDDDDD99922900000022FDEE2E
:10C70000EEEDDDDD220200000092FDFFEEEE9D99D0
:10C71000020000000092EDFFFFDED9FE2F000000B6
:10C720000020D9EDDE9DEEDD2E00000000209929CD
:10C7300022D2BDBB2D000000000022222199BBBBEC
:10C74000020000000000111111222222000000004E
:10C750000000101111111101000000000000001074
:10C760001111010000000000000000002022220042
:10C770000000000000000022525555220000000079
:10C78000000020558588885802000000000052559E
:10C79000C8BBFFBB25020000002055F8BFBBBBBBD8
:10C7A0008B250200002085CFBCBBBBBBFB8C2500CA
:10C7B0000052F88C88B5BB5B888F2500B05BCC58E5
:10C7C0005555B55555582B00B28B5C55555555559B
:10C7D00055552B00B2CB58555522222255B5020093
:10C7E000B2BB552522999999222B0000B2BB5592D4
:10C7F00099D9E9EE2902000082582599E9FFEFDD79
:10C8000022000000205255D2EDDFDD2D290000006E
:10C81000002022D2EEEE299299220000000000D2E0
:10C82000EEEE9DD99DD20200000020DDFDEFEEED81
:10C83000DDD2020000002092EDFFFFEF9D9202008A
:10C8400000009299E9EEFFDD999202000000B29D8E
:10C85000D9EDDED9292900000000B2BB99D9DD99B4
:10C8600029290000000020BBDD99222202020000DD
:10C87000000010B2BBDD1211010000000000102109
:10C8800022221111010000000000001111111111EC
:10C890000000000000000000111111000000000065
:10C8A00000000020222222020000000000000052AE
:10C8B000BB5555250000000000002055F5CC8C55D7
:10C8C0000200000000005255CF8C88552500000062
:10C8D00000205588FCCF88582502000000225B8884
:10C8E000C8CC8C88582B020020BBCB88BB8BBB8B61
:10C8F00088582B00B2BBF588BBBBBB8BF8582B000C
:10C90000B25BF8FFBCBBBBCB8F552B00B255558536
:10C91000BCBBCBFC5F552500205B555555B5555527
:10C9200055550200002252555555555525220000F7
:10C930000000202222222222020000000000209972
:10C94000D9DD999902000000000020ED9EEEDD99EE
:10C9500002000000000020ED2EE9EED229000000C8
:10C960000000E2EEEE9E29DD290000000000F2EE5C
:10C97000EFDEDDED29000000000092EDFFEEFE9EEF
:10C9800029000000000020E9EEFFEF9D02000000FA
:10C9900000009292E9DD9D9929000000000020220C
:10C9A000229999D9FE020000000010219999DDEE2C
:10C9B0002F0200000000101122222222020000009B
:10C9C0000000001111111111000000000000000012
:10C9D00011111100000000000000000020222200C0
:10C9E0000000000000000022525555220000000007
:10C9F0000000205588C85C5502000000000052C5A8
:10CA0000FF88CCB82B02000000205588FCCFCCB8A2
:10CA1000BB2B020000208588C8FFCF58B5BB25007E
:10CA200000B2858588C88C888858250020BB55BBF6
:10CA30008BBBCBCCCF552500B255C8BBBBBBCBFF06
:10CA40005C552500B285FFBBBBBBFB8F5855020070
:10CA50005255C5BFBBBB885855220000205555858F
:10CA6000BB5B55552200000000222255555555222A
:10CA70002900000000002222222222922900000028
:10CA80000000209999999992292022000000009293
:10CA9000D2EEEED292929E0200000022EEFFEFEE66
:10CAA0009299ED0200002029DFEEEEEE9299ED0260
:10CAB0000000209922D2FEEE9DD9ED02000022D97D
:10CAC0009DD9EFDE99D92E0000209E92DDFEDE9DDD
:10CAD00029E92D000020EB2992D9DD2992DD020001
:10CAE0000000B29D9929221221220000000020227C
:10CAF000221211110100000000000011111111118A
:10CB000000000000000000001111110000000000F2
:10CB1000000000002222220000000000000000208F
:10CB200085888822000000000000205285888858EF
:10CB30000200000000205255C8FFBBBB25000000CA
:10CB400000B28B88FFFCBBBBBB02000020BBBBC894
:10CB5000CCCCBBBBBB02000052BBC88CC8CCBCBB9E
:10CB6000BB28000052F88C888888CCBBFB8C020064
:10CB700082CF58555555888BCC8F2800828C5525EF
:10CB8000222252558888250082582592DDDD2952BF
:10CB900085882500205522DD2DDDDD295555020033
:10CBA000002299DD2EEE2DDD2222000020DED9EDBF
:10CBB0002EEE2EDE9DED0200E22D22EDEE2E2E9EBB
:10CBC000D9FE0200D2E2FFE9EE2EEE2EE92F0000A0
:10CBD00020B2FBE9EE2EEE9F2202000000B2EBE94C
:10CBE000DFDDDDDE0200000000B2BB9FFFEEFEDFF6
:10CBF0000200000000B2BB9EFEFFFF9D020000008D
:10CC000000B2BB9DDDDD9D29020000000020BB2994
:10CC1000229999E92F000000000022129299EDFF5D
:10CC20000200000000001111212222220000000059
:10CC3000000010111111110100000000000000108F
:10CC40001111010000000000000000202222220239
:10CC5000000000000000005255555525000000005E
:10CC600000002055C88C8858020000000000528542
:10CC7000CCCCCC5C25000000002055CCFFFFCFCCF5
:10CC80005502000000225BF8BB88BB8FB522000074
:10CC900020BBCBB8BBBBBB8BBCBB0200B2BB8BBF4A
:10CCA000BBBBBBFBB8BB2B00B28888FCBBBBBBCFFC
:10CCB00088882B0052558588BCBBCB8858552500E9
:10CCC0002055555588BB88555555020000225255B0
:10CCD0005555555525220000009229222222222254
:10CCE0009229000020EE999D999999D999EE020018
:10CCF00020DF2DDD2DDD2DDDD2FD0200002222DE24
:10CD00002EDD2DEE22220000000092EE2E2D2DEEC3
:10CD100029000000000092FEEE2EEEEE2900000039
:10CD2000000092EDEE2EEEDE29000000002292DDE2
:10CD3000FEFFFFDF2922000020EFDE99DDDDDD9D13
:10CD4000EDFE020020FDEFDD999999D9FEDF02008A
:10CD50000022DD9999229299DD2200000000222212
:10CD600022112122220000000000001111111111D6
:10CD70000000000000000000111111000000000080
:10CD8000000000002222220000000000000000221B
:10CD900088885802000000000000208588885825F7
:10CDA00002000000000052BBBBFF8C5525020000B2
:10CDB0000020BBBBBBCFFF88B82B00000020BBBB53
:10CDC000BBCCCC8CBBBB02000082BBBBCBCC8CC829
:10CDD0008CBB250020C8BFBBCC888888C88F2500A5
:10CDE00082F8CCB88855555585FC2800528888555E
:10CDF0002522225255C828005288582592DDDD2967
:10CE00005285280020555592DDDDD2DD22550200E5
:10CE1000002222DDD2EEE2DD9922000020DED9EDF3
:10CE2000E2EEE2DE9DED020020EF9DE9E2E2EEDEC1
:10CE300022D22E0000F29EE2EEE2EE9EFF2E2D00A8
:10CE4000002022F9EEE2EE9EBF2B0200000020ED52
:10CE5000DDDDFD9EBE2B0000000020FDEFEEFFF9A2
:10CE6000BB2B0000000020D9FFFFEFE9BB2B000027
:10CE700000002092D9DDDDD9BB2B00000000F29E1E
:10CE800099992292BB020000000020FFDE9929211F
:10CE900022000000000000222222121111000000D6
:10CEA000000000101111111101000000000000002D
:10CEB00010111101000000000000000020222200DB
:10CEC0000000000000000020525555220200000022
:10CED0000000005255CC885825000000000022BBFD
:10CEE000C88CF8CF550200000022BBBBC8CCFF8C19
:10CEF0005825000020B5BB55C8FFCF888825000005
:10CF00002055888888CC888885B502002055C5CFF3
:10CF1000CCBB8BBB5BB52B00205555FCCFBBBBBB43
:10CF2000CB58B50200525588FFBBBBBBFB8FB50287
:10CF30000020525588B8BBBBCF5555020000205287
:10CF40005555BB8B55552500000020295255555588
:10CF50002522020000002099222222222202000023
:10CF6000202220999299999929000000929E92D2AC
:10CF7000E2EEDE9202000000E29D99E2EEFFEF2E6B
:10CF800002000000E29D99E2EEEEDE2F2900000093
:10CF9000E2DD99EDFEDE22922900000020DE99D923
:10CFA000EEDF99DD2902000020ED2999DDFEDE9DEE
:10CFB000922E000000D29D22D9DD9922E92B00009B
:10CFC0000020221122229999BD02000000000011C8
:10CFD0001111222222000000000000101111111175
:10CFE000010000000000000010111101000000000D
:10CFF0000000000022222222000000000000002089
:10D000005555B55B020000000000005285CCFC5570
:10D0100025000000000020558588CC5F55020000E7
:10D020000000225588C8FF8C5825000000225B882C
:10D0300088CCCC88582B0200205B8888BB8BBB8BAC
:10D04000C8BB2B00205BF888BBBBBB8BF8B5BB0211
:10D05000205B85CFBBBBBBFCFF58BB02205555FFF7
:10D06000CCBBBB8C5555B5020052555555B55555E1
:10D0700055552B0000202255555555555522020077
:10D080000000002222222222220000000000009242
:10D0900099D9DD992900000000000092D9ED9EEE9B
:10D0A0002D000000000020D9E2EE29EE2D00000046
:10D0B000000020D92D99EEEEEE020000000020E9DC
:10D0C000DDDDEEEFFE02000000002099FEEEFEEF37
:10D0D0009D02000000000092EDFFEFEE290000002D
:10D0E0000000209999DDED99920200000000F2DE27
:10D0F0009999292222000000000022EFDE9D992943
:10D100001100000000000022222222121100000063
:10D1100000000010111111110100000000000000BA
:10D120001011110100000000000000002022220068
:10D1300000000000000000205255552202000000AF
:10D14000000000528888885525000000000022B5A4
:10D15000FBBFCB5855020000002285BBBBBBBBFF09
:10D16000582500002085FCBBBBBBBBCC8F25000035
:10D1700020858F58BBBB8588FC580200205B585522
:10D18000B5555555C85CBB00205B55555555555593
:10D19000558CBB0200B255252222525555C8BB0200
:10D1A00000202B929999292255B5BB02000022E953
:10D1B000EED9999952B5BB02000020D2EDFFEF994C
:10D1C0002955880200002029DDDDEFDD52552200BF
:10D1D0000020929922E9EEDE2221000000D292DDA9
:10D1E00099EDEEDE0200000000D2D2EDEDEEFFDDA3
:10D1F0002D000000009292EDFFFFEF9D2200000045
:10D20000009292D9FDEFEE9999020000002029D9F1
:10D21000D9EEDD99BD02000000202999D9DD99B928
:10D22000BB020000000002222292D9BD2B000000A8
:10D230000000001111D2BDBB12000000000000115F
:10D240001121222211000000000000101111111103
:10D25000010000000000000010111101000000009A
:10D26000C7326531023A33330883FA99F5B98CC471
:10D270001EC444E45D65E56D7EE50FEE15F7BEDF87
:10D2800090B40000D4B5000018B700005CB80000EE
:10D29000A0B90000E4BA000028BC00006CBD00008A
:10D2A000B0BE0000F4BF000038C100007CC2000026
:10D2B000C0C30000F8C4000030C6000068C700000A
:10D2C000A0C80000D8C9000010CB000048CC000066
:10D2D00080CD0000B8CE0000F0CF000028D10000C3
:10D2E0005354415254203D207265747279000000FD
:10D2F000204C000020520000667073206400000083
:10D30000206C00002045000018D30000FCD4000071
:10D3100008D5000014D5000053442D454143480072
:10D32000203D20746865206361702900737765650E
:10D33000702061626F727465640000004D4F535439
:10D340002057414C4B455253204154006D6F64654A
:10D350002020202020204036302020403330000084
:10D36000616E7920627574746F6E3A20636F6E74AB
:10D37000696E7565000000000A6D6F737420776137
:10D380006C6B6572732068656C64202020403630B9
:10D39000667073202040333066707300090000000F
:10D3A000202077616C6B657273200000202066700E
:10D3B00073200000202064726177200075732020A4
:10D3C0006C63642000000000757320206C61796537
:10D3D00072732000202072656164732000000000D9
:10D3E0002020626C6F636B73200000002020657248
:10D3F000722000006F6E00006F6666006D6F756EC4
:10D4000074696E672053442E2E2E0000636172648F
:10D410003F2046415431362F33323F005344206D74
:10D420006F756E74206661696C65640053443A20C0
:10D43000000000002020535049200000204D487A71
:10D440002020444D4120000057414C4B2E42494E74
:10D45000202000006C626120000000002020667225
:10D46000616D6573200000004552524F522000004C
:10D470007265636F707920746F20667265736820BF
:10D48000636172640000000057414C4B2E42494ECC
:10D4900020667261676D656E7465640073656520F2
:10D4A00073616D706C652F20666F6C64657200002F
:10D4B0004E6F202F57414C4B2E42494E000000002A
:10D4C00072656275696C64202B207265636F707978
:10D4D0000000000057414C4B2E42494E206D6973AD
:10D4E0006D617463680000003F0000005344310028
:10D4F00053443200534448430000000053442D423B
:10D50000415443480000000053442D5348454554BE
:10D5100000000000464C415348000000000000009D
:10D5200000000000225000006E5000003C5000003F
:10D53000FC500000525000009A500000C4500000FF
:10D54000C68D0000F68D00002F00000000000000D6
:10D5500000000000E86B00005E8B00003E660000EB
:10D56000E66000000800000000000000100000005D
:10D570000000000000000000000000001800000093
:10D58000000000000000000000000000000000009B
:10D59000000000000000000000000000200000006B
:10D5A0000000FFFF00F8E0071F00E0FFFF071FF883
:10D5B000108418C60078E0030F00008410040842AD
:10D5C000031D07062E2C292D2E2E373F000002109A
:10D5D000021C07123732292D29252B39000103108F
:10D5E000000000000000005F0000000700070014BA
:10D5F0007F147F14242A7F2A122313086462364979
:10D600005620500008070300001C22410000412260
:10D610001C002A1C7F1C2A08083E08080080703065
:10D6200000080808080800006060002010080402D4
:10D630003E5149453E00427F4000724949494621DA
:10D6400041494D331814127F1027454545393C4A4E
:10D650004949314121110907364949493646494965
:10D66000291E0000140000004034000000081422AD
:10D67000411414141414004122140802015909061B
:10D680003E415D594E7C1211127C7F494949363E1C
:10D69000414141227F4141413E7F494949417F0902
:10D6A0000909013E414151737F0808087F00417F0D
:10D6B00041002040413F017F081422417F4040400B
:10D6C000407F021C027F7F0408107F3E4141413EA3
:10D6D0007F090909063E4151215E7F091929462625
:10D6E0004949493203017F01033F4040403F1F2029
:10D6F00040201F3F4038403F631408146303047800
:10D7000004036159494D43007F414141020408101F
:10D7100020004141417F040201020440404040405A
:10D72000000307080020545478407F2844443838C8
:10D7300044444428384444287F385454541800083A
:10D740007E090218A4A49C787F0804047800447D14
:10D7500040002040403D007F1028440000417F40B1
:10D76000007C047804787C08040478384444443805
:10D77000FC1824241818242418FC7C0804040848E5
:10D780005454542404043F44243C4040207C1C2036
:10D7900040201C3C4030403C44281028444C909091
:10D7A000907C4464544C44000836410000007700EB
:10D7B00000004136080002010204020029000000B6
:10D7C000002C01400BA000002A000000002C0140AA
:10D7D0000B2001002B000000002C01400BA00100D9
:10D7E00050000000002C01400B2002000700000048
:10D7F000002C01400BA0000020000000002C014084
:10D800000B20010021000000002C01400BA00100B2
:10D8100053000000000000400BAA00004E00000072
:10D82000000000400B2A01004F00000000000040F3
:10D830000BAA010040000000000000400B2A02007B
:10D840002B000000000000400BAA00002C0000008C
:10D85000000000400B2A01002300000000000040EF
:10D860000BAA010006000000000400400B8000002D
:10D8700007000000000400400B000100FFFFFFFF55
:10D8800000000000000000005000000000380140CF
:10D8900018000000000000000044004018000000D4
:10D8A0002600000000480040180000002F00000083
:10D8B000004C004018000000FFFFFFFF00000000C8
:10D8C0000000000051000000003801400B00000083
:10D8D00001000000004400400B0000002700000091
:10D8E000004800400B00000008000000004C004011
:10D8F0000B000000FFFFFFFF000000000000000021
:10D900002B00000000380140180000000300000058
:10D9100000440040180000002400000000480040BF
:10D920001800000021000000004C0040180000001A
:10D93000FFFFFFFF00000000000000002A000000C1
:10D94000003801400B0000000200000000440040CD
:10D950000B00000023000000004800400B00000006
:10D9600020000000004C00400B000000FFFFFFFF04
:10D9700000000000000000000000000001000000A6
:10D980000200000003000000040000000500000089
:10D990000600000007000000080000000900000069
:10D9A000130000001400000000000000010000004F
:10D9B0000200000003000000040000000500000059
:10D9C0000600000007000000200000002100000009
:10D9D00023000000240000002600000027000000B3
:10D9E00028000000290000002A0000002B00000091
:10D9F0002C00000040000000430000004E0000002A
:10DA00004F000000500000005100000052000000D4
:10DA10005300000000000000000000005E870000CE
:10DA20004E870000E8860000E6600000EC860000FB
:10DA30001E870000FE860000C68D0000F68D0000E7
:10DA40000D0A000022970000A89700006A9A0000C3
:10DA50005C9A00006A9A00003E9A0000309A00002A
:10DA6000229A0000149A0000069A0000F89900001B
:10DA7000E8990000D8990000C8990000B899000002
:10DA8000A8990000989900008899000078990000F2
:10DA900068990000589900004899000038990000E2
:10DAA000289900001C9900001099000004990000BA
:10DAB000F89800002297000022970000EC980000E0
:10DAC000E0980000D2980000C4980000B6980000CA
:10DAD000A89800009A9800008C9800007E9800009A
:10DAE000709800006298000054980000469800006A
:10DAF0003898000028980000189800000898000046
:10DB0000F8970000E8970000D8970000C897000039
:10DB10004C9A000001000000020000000400000018
:10DB2000080000001000000020000000400000007D
:10DB3000800000000001000000020000000400005E
:10DB4000000800000010000000200000004000005D
:10DB5000008000000000010000000200000004003E
:10DB6000000008000000100000002000000040003D
:10DB70000000800000000000000000008C9F0000FA
:10DB80005E8B0000E8860000829F0000629F00001C
:10DB90006C9F00005E9F0000C68D0000F68D0000A7
:10DBA000434847616D652053657269616C000000F0
:10DBB000434847616D6500003031323334353637C4
:10DBC00038394142434445460000000009024B00F9
:10DBD00002010080FA080B0002020201040904009D
:10DBE00000010202010405240010010524010000C7
:10DBF0000424020205240600010705810308000130
:10DC000009040100020A00000407050202400000A6
:10DC10000705820240000000120100020000000817
:10DC2000C016DD27000101020301000036A8000034
:10DC30005CA700005CA700005CA700005CA70000D8
:10DC40002CA80000C8A700005CA70000AEA7000039
:10DC50009EA7000072A9000062A9000052A900005E
:10DC600030A900007EA900007EAA000074AA00006E
:10DC70006AAA00005EAA000026AA000088AA000086
:10DC80000000000000000000000000000000000094
:10DC90000000000000000000000000000000000084
:10DCA0000000000000000000000000000000000074
:10DCB0000000000000000000000000000000000064
:10DCC0000000000000000000000000000000000054
:10DCD0000000000000000000000000000000000044
:10DCE0000001020203030303040404040404040403
:10DCF00005050505050505050505050505050505D4
:10DD000006060606060606060606060606060606B3
:10DD100006060606060606060606060606060606A3
:10DD20000707070707070707070707070707070783
:10DD30000707070707070707070707070707070773
:10DD40000707070707070707070707070707070763
:10DD50000707070707070707070707070707070753
:10DD60000808080808080808080808080808080833
:10DD70000808080808080808080808080808080823
:10DD80000808080808080808080808080808080813
:10DD90000808080808080808080808080808080803
:10DDA00008080808080808080808080808080808F3
:10DDB00008080808080808080808080808080808E3
:10DDC00008080808080808080808080808080808D3
:10DDD00008080808080808080808080808080808C3
:10DDE00072B00000D24800008C540000F68700009A
:04DDF0002AA0000065
:10DDF40000080140000C0140001001401400000024
:10DE040000000000140000000000000014000000E6
:10DE140000000000140000000000000014000000D6
:10DE240000000000140000000000000014000000C6
:10DE340000000000140000000000000028000000A2
:10DE4400000000002800000000000000280000007E
:10DE5400000000002800000000000000280000006E
:10DE6400000000002800000000000000280000005E
:10DE7400000000002800000000000000290000004D
:10DE8400000000002900000000000000290000003C
:10DE9400000000002900000000000000290000002C
:10DEA400000000002900000000000000290000001C
:10DEB400000000002900000000000000290000000C
:10DEC400000000002900000000000000010203041B
:10DED4000506070801020304050607080000000000
:10DEE400000000000000000000000000000000002E
:10DEF40000000000FFFFFFFFFFFFFFFFFFFFFFFF2A
:10DF0400FFFFFFFF00000000030000001C030000EF
:10DF140000000000000000000000000000000000FD
:10DF240000000000000000000E03000000000000DC
:10DF340000000000000000000E03000000000000CC
:10DF44000000000000000000360300000000000094
:10DF540000000000000000000000000000000000BD
:10DF640000000000000000000000000000000000AD
:10DF7400000000000000000000000000000000009D
:10DF840000000000A0DC0000C0DC000080DC000019
:10DF9400000000000000000000000000000000007D
:10DFA400000000000000000000000000000000006D
:10DFB400000000000000000000000000000000005D
:10DFC400000000000000000000000000000000004D
:10DFD400000000000000000000000000000000003D
:10DFE400010000000100000001FF0700FFFFFFFF28
:10DFF40002030102053A3AC86442002044444444FE
:10E004004444444444444444006CDC0200C20100DF
:10E0140000000800A0010020000100FFFF00010033
:10E024001B1A000017170000040309040000000075
:10E03400B367A6008D8B2A8E89E793F715002E8887
:10E04400A5CF63020612034805009C216310F81251
:10E05400054839A00343030083C8F8FF639F6800A1
:10E064009317080133030501C1830508B38805012B
:10E07400E3E2C7FE0148630FF6027D1642064182C1
:10E08400B308C5003388C50083C8080003480800E6
:10E09400E38508FF9EA212A3636DF6003387F500A3
:10E0A40014233307F5008507C20714A3C183E3775C
:10E0B400F6FE05484285828009869318060193D8A6
:10E0C400080155C2014309A813130F011353030197
:10E0D4001108110E6389680883572800835E0800BD
:10E0E40003260E00C207B3E7D701130F1300E30D95
:10E0F400F6FC1386F8FF4206418221A0139608011C
:10E104004182131E26003388C50183572800835893
:10E114000800B30EC50103A80E00C207B3E7170138
:10E124009308F6FFE30CF8FC9A87636566029398FC
:10E134002700B38E150103D82E0083DE0E00850759
:10E144004208AA983368D801C20723A00801C183F2
:10E15400E37FF6FC0A03239066000D0E05482310A6
:10E16400C701428582800148428582807D1642062D
:10E1740041823388C500B307C500034808009C23C7
:10E184006314F8008147D5BD2390060012A381478C
:10E1940031B79386F5FF1DC13306B500373701400B
:10E1A4009306F00F95C9050556A71E27858BF5DF45
:10E1B4005E27A30FF5FEE318A6FE828091CD3737C4
:10E1C40001409305F00F7D564EA71E27858BF5DF82
:10E1D4005E27FD16E39AC6FE828083C64133B727C5
:10E1E40000209A059387C70505482A87BE951A0615
:10E1F400638B060F89476389F6068D4763FDC71451
:10E204001305C6FF0981050593162500B7270020CD
:10E21400AE963A889387C78583C80500410891055F
:10E224008A08BE9803A608002328C8FE83C8D5FF21
:10E234008A08BE9803A60800232AC8FE83C8E5FFFF
:10E244008A08BE9803A60800232CC8FE83C8F5FFDD
:10E254008A08BE9803A60800232EC8FEE39ED5FABA
:10E2640012053A95198D8280135516006DDD13162B
:10E274001500B7270020338EC5009387C7859421E6
:10E2840003C81500890513D346009378F800135882
:10E2940048000A038A080A08BD8A3E93BE983E983D
:10E2A4008A060323030083A8080003280800BE96F7
:10E2B4009442131F8301939E08011353830093D840
:10E2C40008012208B3E6E6013363D301B3E8080189
:10E2D40014C323226700232417013107E391C5FBEC
:10E2E40032950A0582801355260035DD1313250067
:10E2F400B72700202E939387C7859031B42183C814
:10E30400350003C805000A068A068A080A083E96EC
:10E31400BE96BE981042944283A808003E98832E6D
:10E324000800139E060113188601C1822182A208E7
:10E334003368D8013366C601B3E61601232007010A
:10E3440050C314C791053107E39965FA13161500F4
:10E3540032950A058280AE8611D6B727002033880D
:10E36400C5009387C785850683C5F6FF11058A0511
:10E37400BE958C41232EB5FEE39706FF13152600A8
:10E384003A95198DCDB583C7413385462A87638174
:10E39400D7128946638FD7088D4763F3C7181305CF
:10E3A400C6FF0981050593162500B7270020AE9600
:10E3B4003A889387C78583C80500410891058A0870
:10E3C400BE9883A80800232818FF83C8D5FF8A08AD
:10E3D400BE9883A80800232A18FF83C8E5FF8A088B
:10E3E400BE9883A80800232C18FF83C8F5FF8A0869
:10E3F400BE9883A80800232E18FFE39ED5FA1205C1
:10E404000D8A3A950DC6B7270020B388C6002A881E
:10E414009387C785850683C5F6FF11088A05BE95CF
:10E424008C41232EB8FEE39716FF0A063295198D08
:10E434008280135516006DDD13161500B7270020D2
:10E44400338EC5009387C785942103C815008905B9
:10E4540013D346009378F800135848000A038A0837
:10E464000A08BD8A3E93BE983E988A060323030099
:10E4740083A8080003280800BE969442131F830152
:10E48400939E08011353830093D808012208B3E62E
:10E49400E6013363D301B3E8080114C32322670000
:10E4A400232417013107E391C5FB32950A058280C5
:10E4B4001355260035DD13132500B72700202E93AE
:10E4C4009387C7859031B42183C8350003C80500FC
:10E4D4000A068A068A080A083E96BE96BE98104224
:10E4E400944283A808003E98832E0800139E0601D8
:10E4F40013188601C1822182A2083368D8013366C9
:10E50400C601B3E616012320070150C314C79105C1
:10E514003107E39965FA1316150032950A058280CE
:10E52400AE86CDB5173300E0E702A3A7B7270020D6
:10E534009387C784962303D827002A8AC2064208F1
:10E5440013580801C1822E8432899359184089E6F0
:10E5540093080008630318051A048586B72700206A
:10E5640036949387C7053E94630E09027D194209C8
:10E574001359090105091A092299D284A28526850D
:10E584004E86113513040404AA94E31924FF338539
:10E594004441173300E0670003A48131173300E0DE
:10E5A400670063A30145F5B7173300E0E70203A151
:10E5B40001161377F60F9307E005130EB00963E510
:10E5C400E700131E2600329E93C7F5FFFD871383D1
:10E5D400750013070008ED8F6354670013030008E8
:10E5E40063D667082A86BD8A3303F340B56EB72223
:10E5F400002093936700939F460015051A03130F99
:10E60400F007938E0E5E330ECE409382C205B3851F
:10E61400B740636ACF04B307CE00F697982321C7A7
:10E62400935716409E973357B74013781600969722
:10E634001377F70F630008041DC73384670019A01C
:10E644006303080293781700135817406387080080
:10E6540098233D8B33E7EF0098A393870704137740
:10E66400F80FE39F87FC0506E315A6FA173300E0CD
:10E67400670003976DDB3384670019A0E30508FE88
:10E684009378170013581740638608009823419B1A
:10E69400558F98A3938707041377F80FE310F4FEBC
:10E6A4000506E318A6F6D9B703C82500630E0808C3
:10E6B40083CF3500638A0F08173300E0E702039025
:10E6C400038365009E21038F55009372F7003693F0
:10E6D400B7230020B305F500329F139442009A9F9C
:10E6E40001478147930EF0079383C305814863E58F
:10E6F4006E00931863009E98814601E79C21214790
:10E704008505A1C713F6070815C2638108023306FD
:10E71400DF0063EDCE00135E1600469E058A0345B6
:10E724000E001DCE3D89418D2300AE00860785066F
:10E7340093F7F70F7D17E3C206FD0503E318F3FB18
:10E74400173300E06700C38982803305D8403A86D6
:10E754006353E5002A86B296118FE3C006FBF1BF2E
:10E76400419933E5A2002300AE00C9B73D89931651
:10E774004500C98E13978600D98E13970601B727D3
:10E7840000209387C705558F8966BE9698C3D8C362
:10E7940098C7D8C798CBD8CB98CFD8CF9387070240
:10E7A400E396D7FE82809307F00763EBB7086359BB
:10E7B400C0083307A600930700086344050863CD27
:10E7C400E706935715409A05BD8A3387B70093959A
:10E7D4004600B72700209387C705E2050589BA9745
:10E7E400E18561C9882385071307F6FF3D894D8DAF
:10E7F400A38FA7FE33E6D5001376F60F1315860014
:10E80400B365C5001395050105484D8D6350E802B5
:10E8140093F53700A1CD054811A0A9C98507A38F99
:10E82400C7FE791793F53700E349E8FE11CB982327
:10E83400419BD98E94A382803386A740E343C0F8DA
:10E84400828063D8E704BD8A13964600558E13155B
:10E854008600518DB7270020131705019A05938769
:10E86400C705598DAE97130700085DB79D4563DA58
:10E87400E50088C361179107E3CDE5FE8545E3D73D
:10E88400E5FA85458507A38FC7FE7917E3CCE5FE36
:10E8940071BF635FE000BD8A93976500372600204F
:10E8A400939546001306C605E205B297E18599B72C
:10E8B4008280328781B73303E6000148635606003D
:10E8C4003308C0401A8701469308000863D46800DF
:10E8D4003387C8406357E00E172300E0E702036E56
:10E8E4003383B600368F014463C0050C93080008D7
:10E8F40063C9680A6353E00B850693DF1640330847
:10E90400F803372E00201A06B366B400130ECE05A2
:10E91400329E13F6160093561440429563CF0708AF
:10E9240093F2F70045C28143229FB38E8540A286AD
:10E9340011A893F8F800B3E8680023801501850650
:10E944006387E60513D616402A96034306003386EA
:10E95400DE009355164093F81600F295058A137855
:10E96400F30063840800135843001313480063C47E
:10E974000700E30658FC83C8050045FE93F808FF2A
:10E9840033681801238005018506E39DE6FB8503B2
:10E994007E95130E0E04E31C77F8172300E067003E
:10E9A4002364338FB840B9B7930800083304B040E8
:10E9B4001A8F8145E3D068F4EDB74DC293F2F700A6
:10E9C4009DB7828093531F4093974200B3E2570050
:10E9D4009E968585137F1F003303D5002E9E814E9E
:10E9E40013F4F20033087340F2886385030403458B
:10E9F40008000508B347550013F6070F1306060F62
:10EA0400BD8B2182BD0791839315460093964700E1
:10EA14003386C540B387F6401206D18F630955008B
:10EA240083C60800358DE98FB58F2380F8008508EB
:10EA3400E31F03FB630D0F0083470300BD8B6308D3
:10EA4400F40033067E001422C19AD58F1CA2850ED1
:10EA54007E93130E0E04E317D7F981B713581F40A2
:10EA64008585C2962E9E137F1F0036958145B30778
:10EA74000541F28663090800902385068507A38F64
:10EA8400C6FEE31BF5FE630A0F0033060E011C22CB
:10EA94001421C19BBD8AD58F1CA285057E95130EBA
:08EAA4000E04E316B7FCD5BD1A
:0400000300003000C9
:00000001FF
